Time [s],lsm6dsv16x_acc_x [g],lsm6dsv16x_acc_y [g],lsm6dsv16x_acc_z [g],lsm6dsv16x_gyro_x [dps],lsm6dsv16x_gyro_y [dps],lsm6dsv16x_gyro_z [dps]
21.404706,-0.022448,-0.143472,1.058472,-2.940000,0.420000,-0.980000
21.412793,-0.049288,-0.125416,0.984296,-2.660000,1.960000,-1.400000
21.420881,-0.036112,-0.126392,0.972584,-1.820000,0.280000,-0.560000
21.428968,-0.034160,-0.141520,0.990640,-2.240000,-0.140000,-0.560000
21.437055,-0.034648,-0.103456,0.999912,-2.100000,0.560000,-0.980000
21.445142,-0.014640,-0.141520,1.066280,-2.800000,0.140000,-0.420000
21.453229,-0.035136,-0.120048,0.957456,-2.800000,1.540000,-1.260000
21.461317,-0.059048,-0.127368,1.012112,-2.100000,0.700000,-0.840000
21.469404,-0.020984,-0.163480,0.966728,-2.380000,0.700000,-1.120000
21.477491,-0.049776,-0.113216,1.026752,-1.680000,0.420000,-0.980000
21.485578,0.005368,-0.129320,0.992592,-2.660000,0.000000,-0.560000
21.493665,-0.048800,-0.133224,1.032120,-2.660000,1.400000,-0.840000
21.501753,-0.049776,-0.144448,0.941352,-2.100000,0.700000,-0.980000
21.509840,-0.023424,-0.118096,1.059936,-1.400000,0.560000,-0.700000
21.517927,-0.071736,-0.136152,0.946232,-1.680000,0.700000,-0.420000
21.526014,0.010736,-0.143960,1.019432,-1.820000,0.280000,-0.840000
21.534101,-0.046360,-0.100040,1.015040,-2.520000,1.400000,-0.140000
21.542189,-0.029280,-0.162016,0.994544,-2.520000,-0.560000,-0.980000
21.550276,-0.028304,-0.119072,1.009672,-1.540000,1.960000,-0.280000
21.558363,-0.053680,-0.169336,0.967704,-2.100000,0.280000,-0.700000
21.566450,-0.039528,-0.119072,0.996984,-1.540000,-0.280000,-0.560000
21.574538,-0.003904,-0.133224,1.041880,-0.980000,1.260000,-0.420000
21.582625,-0.058072,-0.142008,0.967704,-2.100000,-0.420000,-1.400000
21.590712,0.002440,-0.124440,1.019432,-0.280000,1.540000,-0.560000
21.598799,-0.071736,-0.175680,0.984784,-2.520000,0.980000,-0.560000
21.606886,-0.053192,-0.093208,0.973072,-0.280000,-0.140000,-0.840000
21.614974,0.004880,-0.140544,1.042368,-0.700000,0.980000,-0.420000
21.623061,-0.032208,-0.167872,0.982832,-2.240000,-0.280000,-0.280000
21.631148,-0.039040,-0.096624,1.001864,-0.560000,2.380000,-0.560000
21.639235,-0.055632,-0.161040,1.019432,-1.960000,0.140000,-0.840000
21.647322,-0.029280,-0.142008,0.995032,-2.100000,0.420000,-1.400000
21.655410,-0.026840,-0.139080,0.962336,-0.560000,1.260000,-0.700000
21.663497,-0.026840,-0.144936,1.014064,-1.680000,-0.420000,-0.280000
21.671584,-0.040016,-0.105896,1.028216,-1.120000,1.120000,-0.560000
21.679671,-0.016592,-0.187392,0.991616,-1.120000,0.700000,-0.560000
21.687758,-0.054168,-0.104432,0.988688,-1.400000,1.260000,-0.700000
21.695846,-0.043920,-0.144936,0.966240,-1.400000,0.420000,-0.840000
21.703933,-0.035136,-0.149816,1.031632,-1.260000,-0.280000,0.140000
21.712020,-0.029280,-0.121024,0.974048,-1.400000,0.700000,-0.560000
21.720107,-0.020984,-0.159576,1.051152,-1.400000,0.000000,-0.280000
21.728194,-0.023424,-0.148840,0.985760,-2.380000,1.400000,-0.280000
21.736282,-0.054168,-0.118096,0.965752,-0.280000,0.840000,-0.700000
21.744369,-0.029280,-0.173728,1.004304,-1.120000,0.280000,0.140000
21.752456,-0.066856,-0.120536,0.983320,-0.980000,0.560000,-0.140000
21.760543,0.020984,-0.153232,1.000888,-0.560000,-0.560000,0.280000
21.768630,-0.033184,-0.122976,1.056032,-1.260000,0.700000,0.560000
21.776718,-0.043432,-0.158112,0.969168,-0.840000,0.980000,0.140000
21.784805,-0.050264,-0.128344,0.991616,-0.700000,0.700000,0.840000
21.792892,-0.028304,-0.132736,0.986736,-1.120000,-0.140000,0.000000
21.800979,-0.043920,-0.150792,0.992592,-1.400000,0.980000,0.560000
21.809066,-0.017568,-0.141520,1.026264,-1.680000,0.000000,0.840000
21.817154,-0.022936,-0.132736,0.993080,-1.120000,0.560000,1.260000
21.825241,-0.027328,-0.145424,1.002840,-1.680000,1.820000,0.840000
21.833328,-0.062952,-0.115168,0.991616,-1.260000,0.140000,1.260000
21.841415,-0.019520,-0.162016,1.010160,-1.680000,0.980000,1.540000
21.849502,-0.054168,-0.152744,0.975024,-2.380000,1.120000,1.820000
21.857590,-0.039528,-0.169824,1.005768,-1.820000,-0.420000,1.120000
21.865677,-0.012200,-0.165432,1.006256,-1.960000,0.280000,-0.280000
21.873764,-0.040016,-0.165432,1.016504,-1.680000,0.840000,-1.260000
21.881851,-0.007320,-0.151768,0.982344,-0.840000,1.260000,-1.120000
21.889938,-0.082472,-0.137616,0.985272,-0.420000,1.540000,-0.700000
21.898026,-0.049288,-0.168848,0.971608,-0.700000,0.140000,-1.120000
21.906113,-0.045384,-0.112728,0.997472,-0.420000,0.000000,-0.700000
21.914200,0.009760,-0.166896,1.025776,-1.680000,-0.420000,-0.560000
21.922287,-0.025864,-0.143472,1.001376,-0.420000,1.260000,-0.980000
21.930375,-0.029280,-0.177632,1.014552,-0.420000,0.700000,-0.840000
21.938462,-0.063440,-0.139080,0.967704,0.140000,2.240000,-1.120000
21.946549,-0.048312,-0.126392,0.981856,0.560000,-0.280000,-0.700000
21.954636,-0.022936,-0.172752,1.004792,-0.840000,0.560000,-0.840000
21.962723,-0.044408,-0.124928,1.002352,0.000000,0.280000,-0.840000
21.970811,0.000976,-0.162504,1.026264,-0.280000,0.140000,-0.980000
21.978898,-0.040504,-0.137128,0.976976,-0.840000,1.820000,-1.120000
21.986985,-0.054168,-0.145424,1.007720,-1.400000,-0.840000,-0.420000
21.995072,-0.033672,-0.166408,0.993080,-0.980000,1.960000,-1.820000
22.003159,-0.031232,-0.133224,0.993080,0.000000,0.280000,-0.280000
22.011247,-0.031232,-0.177632,1.000400,-0.560000,-0.140000,-1.540000
22.019334,-0.029768,-0.136152,0.990152,-0.560000,1.400000,-0.280000
22.027421,-0.028304,-0.158112,1.010160,-0.840000,0.000000,-1.260000
22.035508,-0.058560,-0.136152,1.013576,-1.260000,1.400000,-0.980000
22.043595,-0.037576,-0.157136,0.945744,-0.140000,1.680000,-1.260000
22.051683,-0.041968,-0.158112,1.017968,-0.560000,-1.260000,-0.280000
22.059770,-0.013176,-0.142496,1.001376,-0.280000,1.400000,-1.540000
22.067857,-0.035624,-0.161040,1.024800,-1.260000,-0.280000,0.000000
22.075944,-0.017080,-0.139080,0.970632,-0.980000,1.960000,-1.540000
22.084031,-0.070272,-0.160552,0.991616,-0.560000,0.000000,-0.840000
22.092119,-0.012688,-0.166408,1.012600,-0.140000,1.120000,-1.400000
22.100206,-0.075640,-0.136152,0.967216,0.140000,0.000000,-0.980000
22.108293,0.044408,-0.167872,1.022848,-0.700000,-0.140000,-0.280000
22.116380,-0.110288,-0.107360,1.005768,-0.700000,2.660000,-2.240000
22.124467,0.007808,-0.202520,1.013088,-1.680000,-1.260000,-0.140000
22.132555,-0.040992,-0.118584,0.979904,-0.700000,2.800000,-2.380000
22.140642,-0.059536,-0.184952,0.971120,-1.540000,-0.980000,0.560000
22.148729,-0.012200,-0.129320,1.054568,-0.280000,1.400000,-1.960000
22.156816,-0.050264,-0.165432,0.936960,-1.680000,0.000000,0.280000
22.164903,0.013176,-0.159576,1.046760,-0.840000,0.560000,-1.540000
22.172991,-0.113704,-0.128344,0.957944,-2.100000,1.680000,-0.560000
22.181078,0.014640,-0.187880,1.032608,-1.120000,0.140000,-0.840000
22.189165,-0.064904,-0.129808,0.940864,-0.980000,2.100000,-2.100000
22.197252,-0.005368,-0.181536,1.047248,-1.820000,-2.520000,1.120000
22.205339,-0.035136,-0.128832,0.967704,-1.680000,3.640000,-3.500000
22.213427,-0.027816,-0.159088,1.035536,-1.400000,-1.540000,0.980000
22.221514,-0.023912,-0.165920,1.002840,-1.960000,2.380000,-2.520000
22.229601,-0.111752,-0.128344,0.935984,-2.100000,1.260000,-0.420000
22.237688,0.030744,-0.200568,1.032608,-0.700000,-0.560000,-1.400000
22.245776,-0.083448,-0.127368,0.974048,-2.240000,0.980000,-0.980000
22.253863,0.027328,-0.201056,1.013576,-1.260000,-1.120000,-0.420000
22.261950,-0.049288,-0.107360,1.025776,-1.540000,1.960000,-1.680000
22.270037,-0.039040,-0.202032,0.963800,-2.940000,0.280000,0.140000
22.278124,-0.093208,-0.118096,0.992592,-1.400000,3.220000,-2.520000
22.286212,-0.006344,-0.166408,0.992592,-2.380000,-1.960000,0.700000
22.294299,-0.017568,-0.178120,1.003328,-1.680000,1.400000,-2.520000
22.302386,-0.045384,-0.142496,0.987224,-2.660000,0.140000,0.140000
22.310473,0.017080,-0.183000,1.042856,-1.820000,0.560000,-1.820000
22.318560,-0.073200,-0.154696,0.963800,-2.660000,1.260000,-0.700000
22.326648,-0.001952,-0.178120,1.007720,-1.680000,-0.280000,-0.140000
22.334735,-0.109800,-0.125904,1.014552,-1.120000,2.520000,-3.360000
22.342822,0.000000,-0.190808,0.925736,-1.960000,-0.980000,1.400000
22.350909,-0.043920,-0.131760,1.034560,-1.960000,1.260000,-3.220000
22.358996,-0.037088,-0.194224,0.980880,-2.800000,-0.840000,0.840000
22.367084,0.040504,-0.179584,1.050176,-1.260000,1.120000,-2.100000
22.375171,-0.120536,-0.139080,0.948184,-2.660000,2.380000,-0.840000
22.383258,0.014640,-0.162992,1.021384,-1.680000,-0.700000,-0.980000
22.391345,-0.073688,-0.167872,0.977952,-2.660000,2.520000,-1.820000
22.399432,-0.036600,-0.188856,0.947696,-1.680000,-1.260000,0.420000
22.407520,-0.032208,-0.127856,1.046760,-0.980000,1.820000,-2.380000
22.415607,-0.027816,-0.186416,0.959896,-2.380000,-1.120000,1.400000
22.423694,0.015128,-0.148840,1.065792,-1.960000,1.260000,-3.640000
22.431781,-0.109312,-0.174216,0.921832,-3.080000,2.940000,0.280000
22.439868,0.009272,-0.185928,1.051640,-1.400000,-1.400000,-1.960000
22.447956,-0.093208,-0.139080,0.931592,-3.220000,3.360000,-1.540000
22.456043,0.035136,-0.208864,1.031144,-1.260000,-3.080000,1.120000
22.464130,-0.063928,-0.142496,0.994056,-2.240000,3.080000,-3.640000
22.472217,-0.034160,-0.179584,1.003328,-2.660000,-1.260000,1.400000
22.480304,0.009760,-0.149816,1.010648,-2.520000,2.240000,-3.080000
22.488392,-0.117608,-0.174704,0.953552,-3.360000,0.280000,0.560000
22.496479,0.023912,-0.166408,1.045296,-2.100000,0.840000,-2.660000
22.504566,-0.106872,-0.162504,0.912560,-3.920000,1.680000,-0.560000
22.512653,0.051240,-0.199104,1.053104,-1.540000,-2.100000,-0.420000
22.520741,-0.083936,-0.154696,0.979416,-3.500000,3.220000,-2.100000
22.528828,0.013664,-0.182512,1.012600,-2.940000,-2.380000,0.980000
22.536915,-0.057584,-0.155184,1.017480,-2.380000,4.760000,-3.640000
22.545002,-0.064416,-0.192272,0.931104,-3.360000,-1.680000,1.260000
22.553089,-0.001952,-0.157624,1.039440,-2.240000,2.100000,-3.080000
22.561177,-0.127856,-0.180560,0.903776,-3.640000,0.840000,-0.140000
22.569264,0.075152,-0.199104,1.096048,-1.540000,-0.980000,-0.980000
22.577351,-0.099552,-0.140544,0.925248,-3.080000,2.520000,-2.520000
22.585438,0.047824,-0.234240,1.060912,-2.660000,-2.520000,1.120000
22.593525,-0.091256,-0.100040,0.950136,-3.080000,4.340000,-3.360000
22.601613,-0.019520,-0.228384,1.032120,-3.500000,-2.240000,1.540000
22.609700,-0.019032,-0.164456,0.936472,-2.800000,3.220000,-2.800000
22.617787,-0.119072,-0.168848,1.016992,-2.520000,-0.280000,-0.420000
22.625874,0.058072,-0.191784,0.997960,-3.080000,0.140000,-1.120000
22.633961,-0.133224,-0.159576,0.951112,-3.920000,2.100000,-1.820000
22.642049,0.066368,-0.214232,1.057008,-2.100000,-2.660000,0.700000
22.650136,-0.058560,-0.122488,0.972096,-3.080000,4.480000,-3.080000
22.658223,-0.054656,-0.237168,1.011136,-4.060000,-1.960000,-0.420000
22.666310,-0.002928,-0.130784,0.972096,-2.520000,3.080000,-2.520000
22.674397,-0.089792,-0.208864,0.990640,-4.340000,-0.420000,-0.420000
22.682485,-0.000976,-0.183488,1.006256,-2.940000,1.540000,-0.840000
22.690572,-0.081496,-0.191784,0.934032,-3.360000,-0.140000,-1.680000
22.698659,0.004880,-0.183976,1.040904,-3.220000,-0.280000,0.560000
22.706746,-0.055632,-0.183000,0.961848,-3.640000,2.380000,-2.940000
22.714833,0.007808,-0.191296,1.034560,-3.360000,-2.520000,0.980000
22.722921,-0.042456,-0.161528,0.945744,-3.360000,3.640000,-1.960000
22.731008,-0.054656,-0.215208,1.064816,-5.180000,-0.140000,-0.700000
22.739095,-0.001952,-0.148840,0.934520,-3.640000,0.280000,-0.560000
22.747182,-0.096136,-0.181048,1.016016,-4.900000,2.660000,-1.960000
22.755269,-0.020008,-0.211792,0.973560,-4.760000,-1.120000,0.700000
22.763357,-0.021472,-0.178608,0.989176,-4.480000,1.820000,-2.520000
22.771444,-0.064904,-0.211792,0.986736,-4.620000,0.000000,0.560000
22.779531,0.033184,-0.176168,1.004304,-3.640000,-0.140000,-2.100000
22.787618,-0.081008,-0.191296,0.995032,-5.040000,2.100000,-0.140000
22.795705,-0.004392,-0.225456,0.963312,-4.200000,-0.980000,-0.980000
22.803793,-0.054168,-0.145424,1.062864,-3.780000,2.660000,-1.540000
22.811880,-0.039040,-0.205448,0.920368,-5.320000,-0.420000,0.560000
22.819967,-0.035136,-0.176168,1.033584,-4.340000,2.240000,-2.940000
22.828054,-0.032696,-0.223504,0.966240,-6.020000,-1.960000,0.700000
22.836141,-0.066368,-0.142496,0.982832,-5.040000,4.060000,-2.380000
22.844229,-0.049776,-0.262544,0.952576,-4.480000,-0.700000,-0.280000
22.852316,0.051240,-0.212768,1.067744,-4.480000,-2.240000,0.000000
22.860403,-0.117608,-0.123952,0.912072,-5.320000,4.200000,-1.540000
22.868490,0.034648,-0.273280,1.048224,-4.200000,-1.120000,-0.280000
22.876577,-0.055144,-0.199592,0.959408,-4.760000,0.840000,-0.840000
22.884665,-0.037576,-0.172264,1.005280,-4.060000,-0.280000,-1.260000
22.892752,-0.026352,-0.194712,0.980392,-4.060000,2.800000,0.420000
22.900839,-0.080032,-0.246928,0.985272,-5.040000,-0.140000,-1.540000
22.908926,0.000000,-0.158112,0.985272,-4.060000,0.140000,-0.700000
22.917014,-0.027328,-0.201544,1.026264,-5.600000,0.280000,-0.840000
22.925101,-0.098576,-0.223992,0.911096,-3.780000,2.520000,-1.260000
22.933188,0.013664,-0.274256,1.014064,-2.240000,-1.540000,-0.700000
22.941275,-0.030256,-0.150304,1.002840,-4.340000,0.420000,-0.980000
22.949362,-0.054168,-0.204960,0.958920,-2.100000,1.540000,-0.840000
22.957450,0.021472,-0.232288,1.040904,-2.660000,0.140000,-0.560000
22.965537,-0.075640,-0.193736,0.964776,-3.920000,1.120000,-0.840000
22.973624,-0.015616,-0.206912,0.997960,-1.960000,0.700000,-1.400000
22.981711,-0.053680,-0.215208,0.976000,-3.920000,0.840000,-0.140000
22.989798,-0.075152,-0.191296,0.949648,-3.360000,1.120000,-1.540000
22.997886,-0.023424,-0.198616,1.006744,-2.520000,0.700000,-0.560000
23.005973,-0.017568,-0.263520,1.006744,-4.900000,-0.840000,-0.980000
23.014060,-0.029280,-0.172264,0.976000,-2.660000,1.260000,-0.840000
23.022147,-0.043920,-0.235704,0.952576,-2.380000,0.980000,-0.980000
23.030234,-0.041968,-0.205448,1.053592,-2.800000,0.560000,0.140000
23.038322,-0.017080,-0.245952,0.909144,-2.380000,-1.400000,-1.120000
23.046409,-0.019032,-0.162016,1.055544,-1.960000,1.960000,-0.420000
23.054496,-0.046360,-0.250832,0.970144,-3.640000,0.560000,-0.840000
23.062583,-0.033184,-0.184464,0.984296,-2.100000,0.700000,-0.980000
23.070670,-0.052704,-0.221064,0.968680,-2.940000,1.400000,-0.140000
23.078758,-0.047336,-0.213256,0.986736,-3.780000,0.140000,-1.680000
23.086845,-0.040504,-0.198128,0.990640,-2.520000,0.140000,-0.700000
23.094932,-0.023912,-0.215696,0.991128,-3.780000,1.820000,-1.120000
23.103019,-0.054656,-0.247904,0.963800,-3.080000,-0.140000,-0.700000
23.111106,0.005856,-0.228872,0.983320,-1.820000,-0.420000,-0.700000
23.119194,-0.064904,-0.196664,1.007232,-3.080000,2.240000,-0.420000
23.127281,-0.012688,-0.243024,0.967216,-1.960000,-1.540000,-1.260000
23.135368,-0.009760,-0.178120,1.028216,-1.820000,2.240000,-0.700000
23.143455,-0.072224,-0.263520,0.941840,-3.780000,0.000000,-0.840000
23.151542,-0.020984,-0.172752,1.015040,-2.100000,0.700000,-1.540000
23.159630,-0.029768,-0.235216,0.974536,-4.480000,0.700000,0.700000
23.167717,-0.057584,-0.221552,0.986736,-3.080000,1.680000,-1.820000
23.175804,-0.042456,-0.224968,0.957456,-2.520000,0.420000,-0.420000
23.183891,-0.030256,-0.225456,0.998448,-3.220000,-0.420000,-0.560000
23.191978,-0.081984,-0.197152,0.948672,-2.660000,1.820000,-1.120000
23.200066,0.030744,-0.258152,1.032120,-2.940000,-1.260000,-0.700000
23.208153,-0.065880,-0.175680,0.976488,-4.200000,1.960000,-0.560000
23.216240,-0.029768,-0.232288,0.958920,-2.940000,0.420000,-1.400000
23.224327,-0.014640,-0.264984,1.021384,-3.360000,0.980000,0.140000
23.232414,-0.022936,-0.243024,0.946720,-3.220000,-1.960000,-0.840000
23.240502,-0.056608,-0.184464,0.992104,-2.380000,4.060000,-0.840000
23.248589,-0.016592,-0.254736,0.989176,-2.800000,-1.680000,-0.140000
23.256676,-0.038064,-0.180560,1.040416,-2.520000,1.680000,-0.980000
23.264763,-0.039528,-0.244488,0.902312,-3.220000,0.140000,-0.140000
23.272850,-0.072224,-0.206912,1.016992,-4.060000,2.240000,-0.840000
23.280938,-0.021472,-0.245464,0.939400,-3.500000,-0.560000,-1.120000
23.289025,-0.026840,-0.222040,1.043344,-4.060000,1.120000,-0.420000
23.297112,-0.053192,-0.237656,0.943304,-3.920000,0.000000,-1.120000
23.305199,-0.023912,-0.225456,0.975512,-3.360000,0.980000,-0.560000
23.313286,-0.050264,-0.237656,1.002352,-3.920000,0.560000,0.000000
23.321374,-0.013176,-0.247416,0.979416,-4.200000,0.000000,-1.540000
23.329461,-0.027328,-0.205936,0.963800,-3.920000,0.700000,-0.140000
23.337548,-0.040992,-0.248880,1.016992,-5.040000,0.560000,-0.840000
23.345635,-0.047824,-0.213744,0.941352,-3.500000,1.120000,-0.840000
23.353722,0.011224,-0.260592,1.017480,-4.340000,-1.120000,0.000000
23.361810,-0.053680,-0.225456,0.981368,-4.480000,1.960000,-0.700000
23.369897,-0.037088,-0.229848,0.954528,-3.080000,0.140000,-0.420000
23.377984,-0.039040,-0.221064,1.038952,-4.060000,1.400000,-0.140000
23.386071,-0.058560,-0.241072,0.907192,-4.480000,0.280000,-1.400000
23.394158,-0.011712,-0.229360,1.032120,-3.640000,0.700000,0.140000
23.402246,-0.054168,-0.260104,0.944280,-5.460000,0.840000,-0.420000
23.410333,-0.035136,-0.231800,0.998448,-3.500000,0.280000,-1.120000
23.418420,-0.049288,-0.240096,0.967704,-3.920000,1.260000,0.000000
23.426507,-0.026840,-0.256688,0.984784,-4.340000,-0.280000,-1.260000
23.434594,-0.042944,-0.224968,0.961848,-3.780000,0.840000,-0.700000
23.442682,-0.022936,-0.250832,0.993080,-4.900000,0.280000,-0.560000
23.450769,-0.048800,-0.217648,0.952576,-3.920000,1.260000,-1.120000
23.458856,-0.009272,-0.294752,1.018944,-4.620000,-0.560000,-0.280000
23.466943,-0.037576,-0.217648,0.960872,-4.200000,1.820000,-0.980000
23.475030,-0.032696,-0.252784,0.970632,-4.760000,-0.140000,-1.260000
23.483118,-0.020496,-0.237656,1.018456,-4.060000,0.980000,0.140000
23.491205,-0.048312,-0.246928,0.926224,-4.200000,-0.280000,-0.700000
23.499292,-0.027816,-0.223504,1.036512,-4.760000,1.680000,-0.420000
23.507379,-0.047336,-0.262544,0.943792,-5.460000,0.280000,-0.420000
23.515467,-0.028792,-0.236680,0.994544,-3.500000,0.280000,-0.560000
23.523554,-0.039528,-0.269864,0.975024,-4.480000,0.700000,0.560000
23.531641,-0.040992,-0.244000,0.959896,-3.920000,0.700000,-0.560000
23.539728,-0.049288,-0.226432,0.970144,-2.940000,0.000000,0.560000
23.547815,-0.020496,-0.256200,0.991616,-5.600000,0.840000,-0.140000
23.555903,-0.070272,-0.259616,0.959408,-3.780000,0.420000,0.420000
23.563990,-0.019520,-0.273768,0.968680,-2.940000,0.000000,0.420000
23.572077,-0.035624,-0.239608,0.994544,-3.500000,0.140000,0.700000
23.580164,-0.027328,-0.263520,0.957944,-3.360000,0.280000,-1.120000
23.588251,-0.036600,-0.256200,1.017968,-3.500000,0.980000,-0.560000
23.596339,-0.011712,-0.289384,0.941840,-3.640000,-0.980000,-1.960000
23.604426,-0.069784,-0.245464,0.984784,-2.240000,2.520000,-1.260000
23.612513,0.014640,-0.287432,0.967704,-3.920000,-1.680000,-0.560000
23.620600,-0.073688,-0.211792,0.962824,-0.840000,1.960000,-1.120000
23.628687,-0.022448,-0.291824,1.016992,-4.340000,-0.420000,-1.400000
23.636775,-0.047336,-0.214720,0.926712,-2.240000,1.820000,-0.840000
23.644862,-0.041480,-0.277184,0.987224,-2.660000,-0.560000,-0.980000
23.652949,-0.043432,-0.227896,1.010648,-3.640000,1.120000,-1.260000
23.661036,-0.038552,-0.285968,0.905728,-3.780000,-0.840000,-1.120000
23.669123,-0.029768,-0.248880,1.025776,-2.520000,1.260000,-0.980000
23.677211,-0.049288,-0.289384,0.939888,-4.480000,-0.840000,-1.540000
23.685298,0.008784,-0.254736,1.007232,-0.700000,0.700000,-0.420000
23.693385,-0.054656,-0.266936,0.965752,-3.080000,-0.140000,-1.260000
23.701472,-0.011224,-0.278160,0.985272,-2.100000,0.700000,-1.120000
23.709559,-0.049776,-0.245952,0.912560,-1.540000,0.140000,-0.560000
23.717647,-0.027328,-0.238144,1.084824,-2.520000,0.560000,-1.400000
23.725734,-0.062952,-0.274744,0.887672,-4.060000,0.700000,-1.400000
23.733821,-0.005368,-0.239608,1.028216,-2.100000,0.420000,-0.560000
23.741908,-0.076616,-0.271816,0.924760,-4.760000,-0.280000,-1.680000
23.749995,-0.023424,-0.269376,1.009184,-2.800000,0.280000,-0.980000
23.758083,-0.044408,-0.250344,0.952576,-3.080000,1.400000,-1.400000
23.766170,-0.025376,-0.290360,1.001376,-4.060000,-0.980000,-0.980000
23.774257,-0.041480,-0.248392,0.917440,-2.380000,0.280000,-0.980000
23.782344,0.008296,-0.275720,1.036024,-5.040000,0.420000,-1.120000
23.790431,-0.073200,-0.296216,0.938424,-2.800000,-0.140000,-0.840000
23.798519,0.011712,-0.249856,0.987712,-2.380000,0.280000,-1.260000
23.806606,-0.073688,-0.256688,0.961848,-3.640000,1.820000,-1.120000
23.814693,-0.016104,-0.291336,0.972584,-3.920000,-1.400000,-1.540000
23.822780,-0.028792,-0.250832,0.981856,-1.540000,1.540000,-0.420000
23.830867,-0.012688,-0.305488,0.964776,-3.920000,-0.700000,-1.680000
23.838955,-0.103944,-0.260592,0.916952,0.000000,2.240000,-0.980000
23.847042,0.003904,-0.260592,1.027240,-2.100000,-0.980000,-1.120000
23.855129,-0.067344,-0.247904,0.973072,-2.380000,1.260000,-1.120000
23.863216,-0.010736,-0.309880,0.935008,-2.240000,-0.140000,-1.400000
23.871303,-0.046848,-0.261080,0.997472,-1.820000,0.980000,-0.280000
23.879391,-0.022936,-0.296216,0.940864,-2.100000,-0.560000,-1.540000
23.887478,-0.037576,-0.269864,0.993080,-0.280000,1.260000,-0.280000
23.895565,-0.014640,-0.265472,0.962824,-2.660000,-0.980000,-1.680000
23.903652,-0.039528,-0.272304,0.986736,-0.560000,1.960000,-0.420000
23.911739,-0.017568,-0.277672,0.970144,-2.240000,-0.700000,-1.260000
23.919827,-0.070272,-0.266936,0.964288,-1.820000,1.400000,-0.560000
23.927914,0.000000,-0.258640,0.971120,-1.400000,-0.280000,-1.820000
23.936001,-0.063928,-0.280600,0.973560,-2.660000,1.260000,0.000000
23.944088,-0.029280,-0.272304,0.963800,-2.240000,-0.980000,-1.680000
23.952175,-0.035624,-0.261080,0.973072,-3.360000,1.820000,-0.700000
23.960263,-0.039040,-0.308904,0.970632,-2.240000,-0.980000,-0.980000
23.968350,-0.037576,-0.252296,0.982344,-2.380000,1.680000,-1.400000
23.976437,-0.027328,-0.342088,0.930616,-1.260000,-1.120000,-0.840000
23.984524,0.001464,-0.230336,1.019432,0.000000,1.120000,-0.700000
23.992611,-0.069784,-0.289384,0.942816,-1.540000,-0.140000,-1.400000
24.000699,-0.017080,-0.284992,0.978440,-1.120000,0.700000,-1.120000
24.008786,-0.021960,-0.297680,0.953552,-0.280000,-0.420000,-0.560000
24.016873,-0.022936,-0.248880,0.999912,-2.100000,1.260000,-1.400000
24.024960,-0.069296,-0.291824,0.932568,-0.280000,0.560000,-0.420000
24.033047,0.014152,-0.259128,1.038464,-0.420000,0.140000,-1.260000
24.041135,-0.091744,-0.296704,0.886208,-1.540000,1.260000,-0.560000
24.049222,0.005856,-0.271328,1.021872,0.420000,-0.420000,-1.120000
24.057309,-0.072712,-0.280600,0.921832,-1.680000,1.120000,-0.840000
24.065396,0.005368,-0.315736,0.973072,0.420000,0.000000,-1.260000
24.073483,-0.068320,-0.306464,0.946232,3.640000,2.100000,-0.140000
24.081571,-0.005856,-0.307928,0.988200,4.480000,-1.400000,-0.840000
24.089658,-0.048312,-0.239120,0.940864,4.900000,2.940000,-0.560000
24.097745,-0.019520,-0.315736,0.995520,4.480000,-0.700000,-0.560000
24.105832,-0.057584,-0.234240,0.988688,4.200000,2.240000,-0.700000
24.113919,-0.003416,-0.313784,0.886208,3.360000,-0.980000,-0.560000
24.122007,-0.035136,-0.252784,1.051640,4.480000,1.400000,-0.140000
24.130094,-0.030744,-0.292312,0.935496,1.960000,0.420000,-0.980000
24.138181,-0.041968,-0.253272,1.003816,5.740000,1.820000,-0.280000
24.146268,-0.011224,-0.301584,0.959408,2.380000,-1.400000,-0.700000
24.154355,-0.074176,-0.251808,0.941840,5.180000,3.080000,-1.260000
24.162443,0.011224,-0.315736,0.968680,3.640000,-1.680000,-0.420000
24.170530,-0.052216,-0.230336,0.989176,5.180000,3.080000,-1.260000
24.178617,-0.042456,-0.318176,0.970144,3.360000,0.280000,-0.840000
24.186704,-0.021472,-0.246440,0.966240,7.000000,1.680000,0.280000
24.194792,-0.053192,-0.278160,0.950136,3.360000,-0.840000,-1.120000
24.202879,-0.037088,-0.274256,0.991128,5.600000,2.380000,0.000000
24.210966,-0.019032,-0.261080,0.942816,3.780000,-0.420000,-0.700000
24.219053,-0.076616,-0.269864,0.998448,5.740000,1.960000,-0.560000
24.227140,0.005368,-0.285480,0.952576,2.800000,0.280000,-0.840000
24.235228,-0.070760,-0.250832,0.978440,5.600000,1.960000,-0.420000
24.243315,-0.006344,-0.296704,0.995520,4.340000,-1.820000,-0.560000
24.251402,-0.027816,-0.228872,0.957944,3.640000,3.360000,-0.700000
24.259489,-0.044408,-0.325008,0.938424,4.900000,-0.980000,-0.560000
24.267576,-0.021960,-0.253760,1.015040,5.880000,1.680000,-0.560000
24.275664,-0.009272,-0.285968,0.941840,5.460000,0.140000,-0.840000
24.283751,-0.048312,-0.257664,0.986248,6.860000,1.400000,0.000000
24.291838,-0.038552,-0.268400,0.967216,4.480000,0.000000,-0.840000
24.299925,-0.020008,-0.248392,0.991128,6.860000,2.520000,-0.420000
24.308012,-0.037576,-0.286944,0.960384,5.880000,-0.840000,0.000000
24.316100,-0.067832,-0.230824,0.988688,5.460000,2.520000,-0.560000
24.324187,0.010248,-0.297680,0.974048,6.440000,-0.560000,-0.560000
24.332274,-0.045872,-0.240584,0.981856,6.860000,2.380000,0.000000
24.340361,-0.074176,-0.289872,0.918904,5.040000,0.420000,-0.980000
24.348448,-0.013176,-0.220576,0.999912,7.700000,1.540000,0.140000
24.356536,-0.039528,-0.271328,0.980392,4.200000,0.140000,-0.700000
24.364623,-0.062952,-0.249368,0.982344,7.560000,2.240000,-0.700000
24.372710,-0.003416,-0.271816,0.970144,4.480000,-1.400000,-0.280000
24.380797,-0.051728,-0.225456,0.970632,5.740000,2.520000,-0.700000
24.388884,-0.021472,-0.301096,0.998448,2.940000,-0.420000,-0.840000
24.396972,-0.042456,-0.243024,0.955504,6.020000,1.820000,-0.140000
24.405059,0.000000,-0.278648,0.975512,4.480000,-0.700000,-0.700000
24.413146,-0.078080,-0.236680,1.000400,5.600000,2.380000,-0.420000
24.421233,0.007808,-0.255712,0.950624,4.200000,-0.980000,-0.560000
24.429320,-0.055632,-0.226920,1.001864,5.040000,2.240000,-0.280000
24.437408,-0.037088,-0.278160,0.970632,3.080000,0.000000,-0.840000
24.445495,-0.043432,-0.241560,0.967216,4.620000,0.980000,0.140000
24.453582,-0.011712,-0.230336,1.005768,4.060000,-0.560000,-0.840000
24.461669,-0.080520,-0.259616,0.957456,2.380000,2.520000,-0.420000
24.469756,-0.017568,-0.233752,0.975024,3.220000,-0.280000,-1.260000
24.477844,-0.051728,-0.255224,0.978440,1.680000,0.560000,0.000000
24.485931,-0.022936,-0.186416,1.023824,0.000000,0.840000,-1.120000
24.494018,-0.061000,-0.303536,0.924272,-0.980000,0.560000,-0.140000
24.502105,-0.013176,-0.224968,1.006256,-0.560000,-0.140000,-1.540000
24.510192,-0.049776,-0.300608,0.921832,-1.820000,1.540000,-0.560000
24.518280,-0.018056,-0.226920,1.045784,0.280000,-0.840000,-0.980000
24.526367,-0.037576,-0.279136,0.924272,-0.560000,0.840000,-0.840000
24.534454,-0.012200,-0.246928,1.039440,0.140000,0.420000,-1.120000
24.542541,-0.057096,-0.254736,0.917440,-0.140000,1.260000,-0.840000
24.550628,-0.009760,-0.269376,1.010648,0.140000,-0.560000,-0.840000
24.558716,-0.064416,-0.225944,0.955992,0.000000,1.540000,-0.700000
24.566803,-0.004880,-0.264496,1.018456,-0.420000,0.000000,-1.260000
24.574890,-0.076128,-0.261080,0.914512,0.700000,0.980000,-0.560000
24.582977,-0.011224,-0.236680,1.022360,0.000000,0.560000,-1.820000
24.591064,-0.051240,-0.255712,0.938912,0.420000,1.400000,-1.540000
24.599152,-0.028304,-0.252784,0.997472,-0.280000,-0.280000,-0.840000
24.607239,-0.066368,-0.259128,0.966240,-0.840000,0.980000,-1.260000
24.615326,0.006832,-0.265472,1.000400,-0.980000,-0.140000,-0.700000
24.623413,-0.066856,-0.273280,0.904264,1.120000,0.280000,-0.280000
24.631500,-0.011224,-0.235216,1.051152,-1.260000,0.700000,-1.680000
24.639588,-0.044408,-0.266936,0.918904,-0.420000,1.120000,-0.700000
24.647675,0.011712,-0.240584,1.058960,-0.140000,-0.980000,-0.420000
24.655762,-0.104920,-0.264008,0.903776,-1.680000,1.680000,-1.820000
24.663849,0.036600,-0.243024,1.037000,-0.280000,-0.280000,-1.120000
24.671936,-0.059536,-0.253760,0.931104,-1.820000,0.840000,-0.840000
24.680024,-0.050752,-0.243512,1.027240,-2.660000,0.980000,-1.400000
24.688111,-0.041968,-0.274744,0.918904,-1.400000,0.700000,-0.980000
24.696198,-0.006832,-0.242048,1.011136,-1.400000,-0.140000,-0.560000
24.704285,-0.104432,-0.289872,0.921832,-1.960000,0.840000,-1.260000
24.712372,0.007320,-0.213256,1.027240,-1.120000,1.400000,-1.260000
24.720460,-0.049776,-0.268888,0.941352,-2.520000,-1.120000,-0.840000
24.728547,-0.041480,-0.267912,1.017480,-1.120000,1.120000,-1.680000
24.736634,-0.035624,-0.271816,0.930128,-3.360000,0.420000,-1.260000
24.744721,-0.017080,-0.257664,0.990640,-0.840000,0.420000,-0.840000
24.752808,-0.060024,-0.296704,0.949648,-1.960000,-0.140000,-1.400000
24.760896,-0.007320,-0.214232,1.001864,-0.560000,1.540000,-1.540000
24.768983,-0.021960,-0.307440,0.945744,-2.380000,-0.980000,-0.700000
24.777070,-0.039040,-0.236680,0.998936,-0.700000,0.980000,-1.120000
24.785157,-0.059536,-0.290848,0.949648,-2.520000,0.420000,-1.680000
24.793244,0.026840,-0.244000,1.008208,0.420000,0.140000,-0.420000
24.801332,-0.076616,-0.250832,0.941840,-1.960000,0.840000,-1.260000
24.809419,-0.067344,-0.267424,0.995032,-0.700000,2.100000,-1.820000
24.817506,0.023424,-0.247416,0.974536,-1.540000,-1.540000,-1.400000
24.825593,-0.072712,-0.240584,0.969656,-2.100000,2.380000,-1.540000
24.833680,-0.072224,-0.290360,0.954040,-2.380000,0.000000,-1.820000
24.841768,0.000000,-0.260104,0.996984,-0.700000,0.560000,-0.980000
24.849855,-0.028792,-0.280600,0.946232,-2.240000,-0.840000,-1.400000
24.857942,-0.077592,-0.239120,1.003816,-1.680000,1.960000,-1.260000
24.866029,0.015128,-0.301584,0.966240,-3.080000,-1.400000,-1.120000
24.874116,-0.057096,-0.214232,0.961848,-0.840000,1.680000,-1.120000
24.882204,-0.040016,-0.330376,0.977464,-3.080000,-0.420000,-1.960000
24.890291,-0.020008,-0.212768,0.989664,0.000000,1.120000,-1.400000
24.898378,-0.014640,-0.312320,0.953552,-2.380000,0.280000,-1.820000
24.906465,-0.052216,-0.268400,0.988688,0.700000,0.560000,-1.120000
24.914552,-0.023424,-0.263032,0.933056,-1.540000,0.560000,-2.100000
24.922640,-0.013176,-0.269376,1.008208,0.700000,0.840000,-0.560000
24.930727,-0.073200,-0.275232,0.939400,-0.980000,0.840000,-2.100000
24.938814,-0.005368,-0.255712,1.029192,-0.140000,1.260000,-0.560000
24.946901,-0.011712,-0.281576,0.925248,-0.140000,-0.700000,-0.560000
24.954988,-0.083448,-0.286456,0.976488,1.540000,1.960000,-0.840000
24.963076,-0.039528,-0.306952,0.937936,2.660000,0.700000,-1.820000
24.971163,0.002440,-0.261568,0.989176,4.340000,0.420000,-0.140000
24.979250,-0.082472,-0.257176,0.935984,4.060000,0.140000,-1.400000
24.987337,-0.000976,-0.238144,1.039440,2.520000,2.240000,-1.260000
24.995424,-0.041968,-0.292312,0.912560,3.500000,0.000000,-0.980000
25.003512,-0.069296,-0.262544,1.010648,3.780000,0.980000,-1.260000
25.011599,-0.016104,-0.274744,0.931104,1.400000,1.260000,-1.820000
25.019686,-0.003416,-0.261568,0.996008,3.500000,0.840000,0.140000
25.027773,-0.067832,-0.295728,0.957944,3.500000,-0.980000,-0.980000
25.035860,-0.019032,-0.225456,1.005768,2.800000,2.240000,-1.120000
25.043948,-0.004880,-0.309880,0.935984,3.080000,-0.280000,-0.140000
25.052035,-0.069784,-0.230336,1.006256,5.040000,1.400000,-0.700000
25.060122,-0.028304,-0.288896,0.946720,2.100000,0.420000,-1.820000
25.068209,-0.005368,-0.226920,1.013576,5.040000,0.980000,-0.140000
25.076296,-0.055144,-0.283528,0.931592,2.380000,0.280000,-1.820000
25.084384,-0.052704,-0.262056,1.009184,3.220000,2.380000,-1.260000
25.092471,0.017568,-0.252296,0.940376,3.220000,0.280000,-0.980000
25.100558,-0.081008,-0.246928,1.022360,3.640000,0.700000,-0.140000
25.108645,-0.043920,-0.295240,0.937448,2.240000,0.700000,-2.240000
25.116732,-0.011712,-0.225944,0.970144,3.640000,1.820000,-0.280000
25.124820,-0.047824,-0.300608,0.962336,2.800000,-1.120000,-0.840000
25.132907,-0.073200,-0.230336,0.982344,4.340000,2.800000,-1.540000
25.140994,0.033184,-0.274256,0.972096,2.240000,-0.420000,-0.840000
25.149081,-0.095648,-0.253272,0.980392,5.040000,1.400000,-0.420000
25.157168,-0.011224,-0.278160,0.989664,2.800000,-0.140000,-2.100000
25.165256,-0.029768,-0.233752,0.968680,3.500000,1.960000,-0.700000
25.173343,-0.013664,-0.279136,0.983320,2.800000,-1.540000,-0.980000
25.181430,-0.084912,-0.231312,0.958920,3.780000,2.800000,-1.820000
25.189517,0.036112,-0.296704,1.003816,2.800000,-0.700000,-0.980000
25.197604,-0.079544,-0.248392,0.926224,4.760000,1.540000,-0.980000
25.205692,-0.024888,-0.256688,1.023824,1.540000,0.840000,-1.680000
25.213779,-0.025864,-0.241560,0.949160,3.780000,1.400000,-0.140000
25.221866,-0.036112,-0.266936,0.984784,1.680000,-0.560000,-1.260000
25.229953,-0.085888,-0.239608,0.962336,3.080000,2.800000,-1.680000
25.238040,0.040016,-0.250344,1.023336,1.820000,-0.420000,-0.840000
25.246128,-0.101504,-0.257176,0.916464,2.380000,1.820000,-1.400000
25.254215,-0.034648,-0.248392,1.007720,1.820000,0.980000,-2.380000
25.262302,-0.023424,-0.264984,0.955992,2.520000,0.840000,-0.980000
25.270389,-0.015616,-0.258152,0.995032,1.400000,-0.280000,-1.680000
25.278476,-0.094184,-0.278160,0.927688,1.540000,2.100000,-1.400000
25.286564,0.036600,-0.239608,1.049200,2.940000,-0.980000,-0.980000
25.294651,-0.077104,-0.273768,0.900360,1.680000,1.540000,-1.120000
25.302738,-0.034648,-0.248392,1.020408,1.820000,0.280000,-1.540000
25.310825,-0.016104,-0.253272,0.946232,1.120000,0.700000,-1.120000
25.318912,-0.006832,-0.258640,1.039928,2.520000,-0.420000,-0.560000
25.327000,-0.087352,-0.273280,0.913048,1.120000,1.960000,-1.400000
25.335087,0.020008,-0.244000,1.039440,2.100000,0.140000,-0.840000
25.343174,-0.061488,-0.252784,0.902312,2.240000,0.980000,-0.840000
25.351261,-0.037576,-0.237656,1.023336,1.960000,0.420000,-1.400000
25.359348,-0.031720,-0.278648,0.935984,1.120000,0.980000,-1.120000
25.367436,-0.018056,-0.204960,1.023336,3.500000,0.420000,-1.680000
25.375523,-0.078080,-0.296704,0.932568,1.400000,1.260000,-1.120000
25.383610,-0.011712,-0.212280,1.033096,1.960000,0.700000,-1.960000
25.391697,-0.048312,-0.292312,0.906704,1.400000,0.420000,-0.840000
25.399784,-0.031720,-0.212280,1.028216,2.660000,0.840000,-1.820000
25.407872,-0.050264,-0.297680,0.938912,0.000000,0.840000,-1.540000
25.415959,-0.012688,-0.211304,1.018944,2.100000,0.840000,-1.120000
25.424046,-0.075152,-0.294752,0.927688,1.260000,0.000000,-1.260000
25.432133,-0.008784,-0.227408,1.040416,2.520000,0.980000,-1.960000
25.440220,-0.045872,-0.268888,0.897920,0.980000,0.280000,-1.260000
25.448308,-0.022936,-0.230336,1.037000,2.800000,0.840000,-1.820000
25.456395,-0.040504,-0.283040,0.930616,0.840000,0.700000,-1.400000
25.464482,-0.016592,-0.227408,1.034072,1.680000,0.560000,-1.680000
25.472569,-0.042944,-0.289384,0.917440,0.840000,-0.140000,-0.560000
25.480656,-0.023424,-0.221064,1.025776,0.980000,1.960000,-2.100000
25.488744,-0.029280,-0.300608,0.940376,0.840000,-0.840000,-0.560000
25.496831,-0.011712,-0.197640,1.018456,1.960000,1.260000,-1.120000
25.504918,-0.086864,-0.270352,0.936960,-0.420000,1.400000,-1.820000
25.513005,-0.023912,-0.239120,1.024800,1.120000,0.700000,-0.980000
25.521092,-0.025864,-0.288408,0.906704,0.700000,-0.840000,-0.840000
25.529180,-0.059048,-0.217648,1.028216,1.400000,2.240000,-1.680000
25.537267,-0.040016,-0.293288,0.914512,0.140000,-0.140000,-0.420000
25.545354,-0.026840,-0.203008,1.037000,1.820000,0.700000,-1.260000
25.553441,-0.062464,-0.279136,0.940376,0.700000,0.560000,-1.260000
25.561528,-0.018544,-0.235216,1.024312,0.980000,1.540000,-1.820000
25.569616,-0.034160,-0.301096,0.907192,0.980000,-0.980000,-0.140000
25.577703,-0.017568,-0.214720,1.043344,1.260000,0.840000,-1.260000
25.585790,-0.051240,-0.277184,0.905728,0.840000,0.560000,-1.120000
25.593877,-0.009272,-0.236192,1.055544,0.700000,0.420000,-0.700000
25.601964,-0.052216,-0.271816,0.915488,-0.140000,0.980000,-1.680000
25.610052,-0.002440,-0.239608,1.051152,1.680000,0.280000,-0.560000
25.618139,-0.061000,-0.268888,0.891576,0.980000,0.140000,-0.840000
25.626226,-0.022448,-0.240096,1.037488,0.700000,0.560000,-1.120000
25.634313,-0.034648,-0.276208,0.912560,0.840000,0.280000,-0.840000
25.642400,-0.026352,-0.219600,1.057496,0.700000,1.260000,-0.840000
25.650488,-0.070760,-0.280112,0.903288,0.000000,0.700000,-1.120000
25.658575,-0.005856,-0.219600,1.063352,0.980000,1.120000,-1.680000
25.666662,-0.060024,-0.268888,0.914024,0.280000,0.280000,-1.120000
25.674749,-0.026840,-0.234240,0.996496,1.540000,0.980000,-1.680000
25.682836,-0.060024,-0.304512,0.932080,0.280000,0.840000,-1.260000
25.690924,-0.004392,-0.214232,1.026752,1.540000,0.420000,-0.840000
25.699011,-0.062464,-0.287920,0.915488,1.540000,0.560000,-0.980000
25.707098,-0.036600,-0.210816,1.019920,2.520000,0.840000,-1.260000
25.715185,-0.028304,-0.262056,0.958920,0.980000,0.140000,-1.400000
25.723272,-0.037088,-0.248880,1.007232,1.400000,0.980000,-1.540000
25.731360,-0.049288,-0.278648,0.922320,0.280000,0.140000,-0.980000
25.739447,0.011712,-0.239120,1.050664,1.260000,0.700000,-1.120000
25.747534,-0.054656,-0.298656,0.887672,0.840000,0.560000,-0.560000
25.755621,-0.034160,-0.215696,1.050176,2.240000,0.840000,-0.980000
25.763708,-0.030744,-0.261080,0.948184,0.560000,-0.140000,-0.700000
25.771796,-0.020984,-0.231800,0.998936,0.840000,0.840000,-0.840000
25.779883,-0.062464,-0.278648,0.936472,0.560000,0.560000,-1.260000
25.787970,-0.010736,-0.241560,1.023824,1.260000,0.420000,-1.400000
25.796057,-0.055632,-0.266448,0.915488,0.700000,0.980000,-1.260000
25.804144,-0.032696,-0.239608,1.020408,1.120000,0.700000,-1.680000
25.812232,-0.024400,-0.269376,0.941840,0.560000,0.700000,-0.840000
25.820319,-0.014640,-0.197152,1.044320,1.540000,0.840000,-1.540000
25.828406,-0.090280,-0.288408,0.912072,-0.140000,1.120000,-1.820000
25.836493,-0.001464,-0.235704,1.031632,1.540000,0.140000,-1.400000
25.844580,-0.038552,-0.291824,0.913048,-1.120000,0.280000,-0.700000
25.852668,-0.048312,-0.224968,1.029192,1.540000,0.980000,-1.120000
25.860755,-0.055632,-0.275232,0.895480,0.420000,0.420000,-1.400000
25.868842,-0.007320,-0.220576,1.077016,1.120000,0.560000,-1.820000
25.876929,-0.061488,-0.284992,0.896456,0.280000,0.980000,-1.400000
25.885016,-0.032208,-0.228872,1.025776,1.120000,1.540000,-1.960000
25.893104,-0.043920,-0.286456,0.929152,0.560000,0.140000,-1.120000
25.901191,0.009760,-0.228384,1.034072,1.400000,0.280000,-1.400000
25.909278,-0.080520,-0.294752,0.900848,0.140000,0.840000,-0.840000
25.917365,-0.013176,-0.209352,1.026752,2.100000,0.420000,-1.680000
25.925452,-0.040504,-0.282552,0.927200,-0.280000,0.420000,-1.540000
25.933539,-0.019032,-0.232776,1.051152,1.260000,0.980000,-1.540000
25.941627,-0.056120,-0.277672,0.914024,0.280000,0.560000,-1.820000
25.949714,0.000976,-0.217160,1.054568,2.800000,0.980000,-1.960000
25.957801,-0.064416,-0.271328,0.907192,1.400000,0.280000,-2.240000
25.965888,-0.038064,-0.246440,1.011624,0.980000,1.260000,-2.100000
25.973975,0.005368,-0.280600,0.924272,-0.560000,0.140000,-1.260000
25.982063,-0.041968,-0.240096,1.042856,1.820000,1.540000,-1.680000
25.990150,-0.077592,-0.288896,0.901824,1.680000,0.420000,-1.540000
25.998237,0.020984,-0.206424,1.052616,1.960000,0.700000,-1.120000
26.006324,-0.060512,-0.286456,0.930616,0.280000,0.700000,-1.120000
26.014411,-0.042456,-0.196664,1.021384,1.960000,1.260000,-0.980000
26.022499,-0.038552,-0.306464,0.922320,-0.560000,0.280000,-1.540000
26.030586,-0.035136,-0.205936,1.023824,1.260000,1.680000,-0.700000
26.038673,-0.042456,-0.302072,0.906216,0.000000,-0.560000,-1.120000
26.046760,-0.048800,-0.197640,1.038952,0.980000,1.820000,-1.400000
26.054847,-0.009272,-0.287920,0.939400,-0.560000,-0.140000,-1.540000
26.062935,-0.058560,-0.233752,0.997472,0.560000,1.260000,-0.980000
26.071022,-0.043920,-0.302072,0.950624,0.280000,0.000000,-1.400000
26.079109,-0.016104,-0.202520,1.012112,1.120000,1.260000,-0.700000
26.087196,-0.025864,-0.290848,0.947696,0.280000,-0.840000,-1.260000
26.095283,-0.058072,-0.231800,0.978440,1.120000,1.400000,-1.120000
26.103371,-0.014152,-0.271816,0.964776,0.000000,-0.700000,-1.960000
26.111458,-0.048800,-0.221064,1.004304,2.520000,2.800000,-1.960000
26.119545,-0.009760,-0.295240,0.960384,1.260000,-1.400000,-1.400000
26.127632,-0.071736,-0.209840,0.983320,2.800000,2.380000,-2.520000
26.135719,0.019520,-0.312320,0.970144,1.260000,-0.700000,-1.820000
26.143807,-0.050752,-0.224480,0.983320,1.680000,1.120000,-0.840000
26.151894,-0.029768,-0.281576,0.957944,1.680000,-0.140000,-1.820000
26.159981,-0.040992,-0.243512,0.997960,1.400000,2.100000,-0.980000
26.168068,-0.006832,-0.243024,0.971120,0.420000,-1.400000,-0.980000
26.176155,-0.085888,-0.216184,0.974048,1.400000,3.220000,-1.540000
26.184243,0.006832,-0.293288,0.987224,-0.140000,-1.260000,-1.260000
26.192330,-0.056608,-0.227408,0.973072,0.420000,1.540000,-0.560000
26.200417,-0.018056,-0.277184,0.975512,0.560000,-0.420000,-1.120000
26.208504,-0.079544,-0.216672,0.975024,1.540000,1.680000,-1.260000
26.216591,0.002440,-0.286456,0.969168,0.420000,-0.280000,-1.680000
26.224679,-0.050264,-0.241560,0.971608,1.680000,1.260000,-0.840000
26.232766,-0.036112,-0.267912,0.973072,0.420000,0.140000,-1.540000
26.240853,-0.054656,-0.223504,0.988200,1.540000,1.960000,-0.420000
26.248940,-0.010248,-0.262544,0.961848,0.840000,-0.420000,-1.400000
26.257027,-0.079544,-0.252784,0.987224,1.400000,0.840000,-0.560000
26.265115,0.013664,-0.262056,0.976976,-0.420000,0.140000,-1.680000
26.273202,-0.071248,-0.254248,0.943304,1.820000,0.980000,-0.700000
26.281289,0.002928,-0.280112,1.005280,0.980000,-0.700000,-1.120000
26.289376,-0.062464,-0.243024,0.969168,1.120000,2.100000,-0.840000
26.297463,-0.009272,-0.254736,0.985272,0.980000,-0.420000,-0.980000
26.305551,-0.040016,-0.268400,0.946232,0.700000,0.980000,-0.140000
26.313638,-0.022448,-0.224968,1.021872,0.700000,-0.700000,-1.260000
26.321725,-0.055144,-0.255224,0.936960,0.000000,2.240000,-1.260000
26.329812,0.012200,-0.258152,1.028704,0.980000,-0.700000,-1.120000
26.337899,-0.070760,-0.272792,0.933544,0.980000,0.840000,-0.700000
26.345987,-0.016104,-0.242536,0.996984,0.420000,1.260000,-1.540000
26.354074,-0.046848,-0.265472,0.948672,0.840000,-0.280000,0.000000
26.362161,-0.014640,-0.211304,1.006256,1.400000,0.420000,-2.100000
26.370248,-0.083936,-0.284016,0.943792,0.000000,2.380000,-1.680000
26.378335,0.028792,-0.226432,1.045784,0.420000,-0.560000,-0.840000
26.386423,-0.062464,-0.279136,0.907192,0.420000,1.540000,-1.260000
26.394510,-0.041968,-0.236680,1.035536,1.400000,0.280000,-0.700000
26.402597,-0.060512,-0.274256,0.909144,-0.840000,0.980000,-1.400000
26.410684,-0.011224,-0.233264,1.009184,0.700000,0.280000,-0.700000
26.418771,-0.051240,-0.272792,0.937448,0.280000,0.280000,-1.120000
26.426859,-0.037088,-0.238144,1.026752,1.120000,1.260000,-1.540000
26.434946,-0.023424,-0.254248,0.954040,-0.280000,0.000000,-0.980000
26.443033,-0.036600,-0.233752,0.998936,0.000000,1.120000,-0.560000
26.451120,-0.072224,-0.295240,0.947696,-0.840000,0.280000,-1.820000
26.459207,0.009272,-0.236192,1.003816,0.700000,0.840000,-0.560000
26.467295,-0.029280,-0.264496,0.944280,-0.840000,-0.980000,-0.840000
26.475382,-0.068320,-0.238144,0.971608,1.120000,2.380000,-1.680000
26.483469,0.000976,-0.295240,1.000400,-1.260000,-0.560000,-1.400000
26.491556,-0.033184,-0.225944,0.968192,0.980000,1.260000,-0.560000
26.499643,-0.031232,-0.263032,0.977464,-0.700000,-0.280000,-1.400000
26.507730,-0.063928,-0.244000,0.983320,1.120000,1.540000,-0.980000
26.515818,0.013176,-0.251320,0.969656,-1.260000,-0.560000,-1.820000
26.523905,-0.049776,-0.257176,0.997960,-0.280000,1.260000,-0.280000
26.531992,-0.045384,-0.272304,0.932080,-0.280000,-0.280000,-1.680000
26.540079,-0.037576,-0.241560,1.026264,0.420000,1.400000,-0.420000
26.548166,0.016592,-0.233752,0.955016,-1.260000,-0.980000,-1.400000
26.556254,-0.101504,-0.254248,0.987712,-0.700000,2.240000,-1.120000
26.564341,-0.019032,-0.280600,0.981856,-1.120000,0.140000,-2.240000
26.572428,-0.042456,-0.239608,0.958432,0.140000,0.840000,-0.840000
26.580515,-0.013664,-0.292800,0.962824,-0.420000,-0.140000,-1.120000
26.588602,-0.073688,-0.244976,0.949648,0.840000,1.400000,-0.840000
26.596690,-0.016104,-0.233752,1.002840,0.140000,-0.140000,-2.240000
26.604777,-0.036600,-0.252784,0.980392,-0.280000,0.980000,-0.700000
26.612864,-0.034160,-0.263520,0.978928,-0.840000,0.140000,-1.680000
26.620951,-0.063928,-0.269864,0.953552,0.140000,1.260000,-1.120000
26.629038,0.023912,-0.265960,1.024800,-0.560000,-0.420000,-1.680000
26.637126,-0.089792,-0.274256,0.882792,0.560000,0.840000,-1.260000
26.645213,-0.004880,-0.266936,1.034072,-0.280000,0.140000,-0.980000
26.653300,-0.046360,-0.238632,0.916952,-0.560000,1.400000,-0.980000
26.661387,0.001952,-0.274256,1.041880,0.980000,-0.140000,-0.840000
26.669474,-0.086376,-0.241560,0.919880,0.280000,1.400000,-1.260000
26.677562,0.015616,-0.251808,1.055544,0.280000,0.000000,-1.120000
26.685649,-0.035136,-0.284992,0.922808,0.140000,0.700000,-0.980000
26.693736,-0.043920,-0.262056,0.988688,0.560000,0.280000,-0.560000
26.701823,-0.036112,-0.267912,0.918416,1.400000,0.420000,-1.400000
26.709910,0.008296,-0.219600,1.070184,-0.560000,0.420000,0.000000
26.717998,-0.075640,-0.268888,0.905240,-0.280000,0.980000,-1.680000
26.726085,-0.024888,-0.247904,1.026264,1.540000,0.140000,-0.420000
26.734172,-0.032208,-0.256200,0.956480,-1.540000,0.980000,-1.260000
26.742259,-0.044896,-0.242048,0.989664,0.840000,1.260000,-0.700000
26.750346,-0.031232,-0.294752,0.959408,0.280000,-1.400000,-1.260000
26.758434,-0.039528,-0.228384,0.986736,0.840000,3.220000,-1.540000
26.766521,-0.023912,-0.296216,0.938912,-0.560000,-0.560000,-0.840000
26.774608,-0.061976,-0.240584,0.987224,0.420000,0.980000,-0.280000
26.782695,-0.018544,-0.277184,0.929640,0.420000,-0.280000,-1.820000
26.790782,-0.056120,-0.223992,1.039440,1.540000,2.240000,-0.980000
26.798870,-0.011712,-0.279624,0.973072,-0.560000,-0.700000,-1.260000
26.806957,-0.064904,-0.241072,0.926224,1.820000,1.120000,-0.840000
26.815044,-0.009760,-0.310856,1.012600,-1.960000,-0.140000,-1.120000
26.823131,-0.070760,-0.248392,0.919392,1.960000,1.820000,-0.700000
26.831218,0.023912,-0.250344,1.032608,0.980000,-1.680000,-0.560000
26.839306,-0.087840,-0.252296,0.913048,-0.140000,2.100000,-0.980000
26.847393,0.002440,-0.286456,1.038464,0.700000,-0.700000,-0.700000
26.855480,-0.024400,-0.263032,0.913536,1.400000,1.260000,-0.700000
26.863567,-0.017568,-0.231800,1.041392,0.560000,0.000000,-1.120000
26.871654,-0.073688,-0.280112,0.919392,1.400000,1.540000,-1.400000
26.879742,0.007320,-0.239608,1.055056,0.420000,0.700000,-0.980000
26.887829,-0.042456,-0.287432,0.891576,0.840000,0.140000,-0.420000
26.895916,-0.017568,-0.250832,1.022360,1.680000,0.140000,-0.560000
26.904003,-0.081496,-0.274256,0.936960,0.420000,0.980000,-1.680000
26.912090,0.004880,-0.217648,1.006256,2.240000,0.700000,-0.980000
26.920178,-0.025376,-0.270352,0.965264,-0.560000,0.280000,-1.260000
26.928265,-0.079544,-0.248392,0.968680,0.840000,1.540000,-0.980000
26.936352,-0.004392,-0.275720,0.978928,-0.700000,0.140000,-1.540000
26.944439,-0.039040,-0.229360,0.991128,1.400000,1.540000,-0.420000
26.952526,-0.024400,-0.307928,0.957456,0.140000,-0.560000,-1.120000
26.960613,-0.076128,-0.236680,0.986248,2.520000,1.540000,-0.420000
26.968701,0.013176,-0.264496,0.968192,-0.840000,-0.280000,-1.120000
26.976788,-0.068808,-0.272304,0.929152,0.280000,1.540000,-0.560000
26.984875,-0.017080,-0.263520,1.003328,1.400000,-0.700000,-1.400000
26.992962,-0.083936,-0.241072,0.946232,1.260000,2.240000,-1.120000
27.001049,0.010736,-0.234728,1.038464,-0.420000,0.560000,-1.120000
27.009137,-0.061488,-0.304512,0.923296,0.280000,-0.280000,-0.280000
27.017224,-0.007808,-0.240584,1.021384,1.260000,0.280000,-1.260000
27.025311,-0.046360,-0.277672,0.943792,0.140000,1.260000,-0.980000
27.033398,-0.037576,-0.234240,1.013088,0.980000,0.700000,-0.560000
27.041485,-0.042944,-0.294264,0.909632,0.420000,-0.840000,-0.840000
27.049573,-0.035136,-0.242048,1.001864,0.280000,1.540000,-0.980000
27.057660,-0.020496,-0.301096,0.938912,-0.420000,-0.140000,-0.840000
27.065747,-0.011712,-0.218624,1.010160,1.960000,0.840000,-0.420000
27.073834,-0.042944,-0.271816,0.979416,-0.420000,-0.980000,-1.400000
27.081921,-0.050752,-0.247904,0.983808,1.400000,2.520000,-0.700000
27.090009,0.012688,-0.268888,0.977952,-0.140000,-1.260000,-0.980000
27.098096,-0.076128,-0.224968,0.965264,1.400000,2.660000,-1.260000
27.106183,-0.009272,-0.308904,0.989176,-0.420000,-0.840000,-1.540000
27.114270,-0.043432,-0.255224,0.968192,2.100000,0.840000,-0.560000
27.122357,0.002928,-0.254248,0.978440,-0.980000,0.420000,-1.540000
27.130445,-0.084912,-0.271816,0.953552,2.100000,1.820000,-1.260000
27.138532,-0.013176,-0.256688,0.988200,0.700000,-0.560000,-1.680000
27.146619,-0.046360,-0.250832,0.950136,0.000000,1.960000,-0.840000
27.154706,0.010736,-0.265960,1.002352,0.140000,0.000000,-0.560000
27.162793,-0.086864,-0.270840,0.931592,1.540000,0.560000,-0.840000
27.170881,0.003416,-0.232776,1.045296,0.560000,0.700000,-1.120000
27.178968,-0.057584,-0.279624,0.914024,0.140000,1.820000,-0.700000
27.187055,-0.033184,-0.248880,1.029192,1.820000,-0.140000,-0.840000
27.195142,-0.025376,-0.298168,0.938424,0.560000,0.280000,-0.980000
27.203229,-0.048800,-0.200568,0.967216,0.840000,1.960000,-1.120000
27.211317,-0.040992,-0.327448,0.953552,-0.140000,-0.560000,-0.840000
27.219404,-0.033672,-0.215208,0.992104,1.400000,0.700000,-0.560000
27.227491,-0.016104,-0.275720,0.966240,-0.700000,0.420000,-1.260000
27.235578,-0.080520,-0.257664,0.988688,1.120000,1.400000,-0.560000
27.243665,0.004880,-0.258640,0.983808,-0.280000,-0.700000,-1.260000
27.251753,-0.049776,-0.258152,0.960384,0.700000,1.540000,-0.280000
27.259840,-0.037088,-0.275232,0.979904,-0.420000,-0.840000,-1.260000
27.267927,-0.059536,-0.263520,0.949648,1.400000,2.520000,-1.120000
27.276014,0.030744,-0.262544,1.009184,0.840000,-1.540000,-0.560000
27.284101,-0.100528,-0.245952,0.919880,0.560000,2.240000,-1.400000
27.292189,-0.001464,-0.291336,1.038464,0.280000,-0.840000,-1.260000
27.300276,-0.012688,-0.232776,0.932080,1.540000,1.260000,-0.840000
27.308363,-0.031720,-0.284504,1.012600,-0.140000,0.140000,-0.840000
27.316450,-0.075152,-0.261568,0.924760,1.400000,0.980000,-0.980000
27.324537,0.027816,-0.249856,1.017968,0.280000,0.000000,-0.560000
27.332625,-0.069296,-0.279136,0.935496,0.280000,0.280000,-1.120000
27.340712,0.006832,-0.241560,1.042368,1.400000,0.700000,-0.700000
27.348799,-0.077592,-0.271328,0.924760,-0.140000,0.560000,-1.260000
27.356886,-0.002928,-0.244000,1.011624,1.120000,0.700000,-0.980000
27.364973,-0.042456,-0.284992,0.928176,-0.980000,0.280000,-0.980000
27.373060,-0.041968,-0.257664,0.982832,1.680000,1.120000,-0.420000
27.381148,-0.034648,-0.284504,0.950624,0.560000,-0.140000,-1.400000
27.389235,-0.027328,-0.217160,1.026264,1.400000,1.680000,-0.420000
27.397322,-0.021472,-0.269864,0.932568,-0.420000,-0.140000,-1.120000
27.405409,-0.058560,-0.268400,1.004304,1.540000,1.120000,-0.280000
27.413496,-0.027816,-0.256688,0.989176,-0.560000,0.000000,-1.540000
27.421584,-0.039528,-0.274256,0.925248,0.840000,1.960000,-0.140000
27.429671,0.001952,-0.256688,1.012112,0.280000,-2.100000,-1.120000
27.437758,-0.102968,-0.255712,0.921344,-0.420000,3.360000,-1.120000
27.445845,0.018544,-0.258152,1.032608,-0.980000,-1.120000,-0.420000
27.453932,-0.078080,-0.257664,0.923784,-0.700000,2.240000,-1.260000
27.462020,-0.004392,-0.271328,1.016504,0.140000,-0.560000,-0.840000
27.470107,-0.058560,-0.269376,0.917928,0.840000,0.980000,-0.700000
27.478194,-0.013176,-0.244488,1.035048,-0.840000,0.140000,-1.260000
27.486281,-0.026840,-0.283528,0.935008,0.280000,0.980000,-0.280000
27.494368,-0.049776,-0.226432,0.996984,0.280000,0.560000,-1.260000
27.502456,-0.063440,-0.305976,0.944768,0.000000,0.420000,-0.980000
27.510543,0.020984,-0.207888,1.016504,1.120000,0.560000,-1.540000
27.518630,-0.047336,-0.325008,0.962824,-1.400000,0.840000,-1.260000
27.526717,-0.045384,-0.232288,0.951112,0.700000,0.280000,-0.140000
27.534804,-0.047824,-0.306952,0.952576,-1.260000,0.420000,-1.680000
27.542892,-0.006344,-0.254248,1.004792,2.380000,0.980000,-0.280000
27.550979,-0.021960,-0.264496,0.941352,-0.420000,-0.700000,-0.840000
27.559066,-0.070760,-0.267424,0.998448,1.400000,1.540000,-0.700000
27.567153,0.012688,-0.243512,0.967704,-0.980000,-0.560000,-1.260000
27.575240,-0.068320,-0.252296,0.992592,0.280000,2.240000,-0.700000
27.583328,-0.026352,-0.274744,0.963800,-0.280000,-1.400000,-1.680000
27.591415,-0.034648,-0.273280,0.978440,0.560000,2.100000,-0.980000
27.599502,-0.001464,-0.271816,0.973072,-0.980000,-0.840000,-1.120000
27.607589,-0.044896,-0.269376,0.953064,0.980000,1.400000,-0.140000
27.615676,-0.020008,-0.249368,0.996496,-0.560000,-0.700000,-1.400000
27.623764,-0.060512,-0.289872,0.950624,0.840000,2.100000,-0.980000
27.631851,0.008296,-0.237656,1.010160,-0.140000,-0.140000,-1.400000
27.639938,-0.078080,-0.292800,0.914512,0.980000,0.560000,-0.140000
27.648025,0.004392,-0.235704,1.016992,0.280000,0.280000,-1.400000
27.656112,-0.061488,-0.292800,0.955504,0.280000,1.120000,-0.560000
27.664199,0.010736,-0.247904,1.004792,1.400000,0.140000,-0.980000
27.672287,-0.067832,-0.264984,0.939888,-0.140000,1.260000,-0.840000
27.680374,-0.048312,-0.251808,1.011624,0.420000,1.260000,-0.980000
27.688461,-0.035624,-0.286944,0.929152,-0.700000,-0.280000,-0.700000
27.696548,-0.000976,-0.246440,1.030168,1.820000,0.420000,-0.700000
27.704635,-0.073688,-0.294264,0.894016,-0.840000,0.560000,-1.260000
27.712723,-0.041480,-0.254736,1.020408,1.120000,1.540000,-0.560000
27.720810,-0.004392,-0.257664,0.921832,-0.560000,-0.420000,-1.120000
27.728897,-0.048312,-0.252296,1.026264,0.420000,1.820000,-0.560000
27.736984,-0.050264,-0.294752,0.923784,0.000000,-1.120000,-0.980000
27.745071,-0.034160,-0.240584,1.003328,1.680000,1.540000,-0.840000
27.753159,-0.000976,-0.279624,0.976488,-0.980000,-0.280000,-1.260000
27.761246,-0.062952,-0.264496,0.971120,1.820000,1.400000,-0.140000
27.769333,-0.026352,-0.275232,0.964776,-0.140000,-0.980000,-1.540000
27.777420,-0.056608,-0.260592,0.976000,0.420000,2.240000,-0.840000
27.785507,0.026840,-0.269864,0.978440,-0.140000,-1.120000,-0.840000
27.793595,-0.091744,-0.282552,0.952576,0.980000,1.400000,-0.560000
27.801682,-0.012200,-0.266936,0.970632,-0.280000,-0.420000,-1.540000
27.809769,-0.017568,-0.267424,0.982344,0.840000,1.540000,-0.420000
27.817856,-0.013176,-0.256688,1.005768,0.420000,-0.560000,-0.700000
27.825943,-0.081984,-0.274256,0.920368,1.540000,0.980000,-0.980000
27.834031,0.019520,-0.258640,1.035536,0.000000,0.700000,-0.980000
27.842118,-0.061488,-0.291336,0.905240,0.840000,0.140000,-0.280000
27.850205,0.000488,-0.238144,1.045784,1.960000,0.000000,-0.980000
27.858292,-0.065880,-0.276696,0.908168,-0.980000,1.680000,-0.980000
27.866379,-0.016592,-0.256200,1.011624,0.980000,-0.560000,-0.560000
27.874466,-0.032208,-0.280112,0.939400,-0.420000,0.840000,-1.540000
27.882554,-0.023912,-0.254736,1.012112,0.840000,0.980000,-0.420000
27.890641,-0.062952,-0.290360,0.898896,0.560000,0.700000,-1.540000
27.898728,-0.018544,-0.265960,1.029192,1.260000,0.420000,-0.280000
27.906815,-0.020496,-0.274744,0.942328,0.700000,0.140000,-1.400000
27.914902,-0.044408,-0.265472,0.975512,2.520000,1.260000,-0.420000
27.922990,-0.033184,-0.298168,0.976976,1.960000,-0.560000,-0.840000
27.931077,-0.051240,-0.191784,0.991616,2.800000,2.380000,-0.560000
27.939164,0.022448,-0.310856,0.996008,0.700000,-0.840000,-0.700000
27.947251,-0.115168,-0.257176,0.916952,2.940000,2.100000,-0.700000
27.955338,0.010248,-0.271328,1.002352,1.260000,-0.700000,-0.980000
27.963426,-0.034648,-0.260104,0.949648,1.680000,2.240000,-0.280000
27.971513,-0.049288,-0.274256,0.989176,1.540000,-0.280000,-0.980000
27.979600,-0.059536,-0.283040,0.932080,2.520000,0.980000,-0.700000
27.987687,0.020496,-0.228872,1.026264,1.120000,0.280000,-0.980000
27.995774,-0.071248,-0.301096,0.928664,1.820000,1.260000,-0.560000
28.003862,-0.017568,-0.244976,1.008208,2.100000,0.420000,-0.840000
28.011949,-0.044896,-0.262056,0.924272,1.260000,0.420000,-0.700000
28.020036,-0.024888,-0.243512,1.040904,2.100000,0.980000,-1.260000
28.028123,-0.046360,-0.330864,0.935008,0.980000,-0.140000,-1.260000
28.036210,-0.006344,-0.222040,0.985760,3.920000,1.400000,-0.560000
28.044298,-0.045872,-0.289872,0.949160,0.420000,0.420000,-1.260000
28.052385,-0.049776,-0.231800,1.001376,3.640000,1.960000,-1.400000
28.060472,-0.000488,-0.273280,0.951600,1.400000,-0.700000,-1.400000
28.068559,-0.071736,-0.269376,0.964776,1.400000,1.680000,-0.840000
28.076646,0.000488,-0.294264,0.989176,1.120000,-0.560000,-0.980000
28.084733,-0.035624,-0.252296,0.976488,2.800000,1.960000,-0.420000
28.092821,-0.015616,-0.272792,0.981368,2.520000,-0.980000,-0.700000
28.100908,-0.081984,-0.234728,0.948184,2.520000,2.100000,-0.840000
28.108995,0.011712,-0.274744,1.028216,0.700000,-1.120000,-0.840000
28.117082,-0.050752,-0.264984,0.912560,1.680000,1.680000,-0.420000
28.125169,-0.007320,-0.279136,1.015528,1.540000,-0.420000,-0.980000
28.133257,-0.099064,-0.258152,0.912072,1.540000,2.240000,-0.980000
28.141344,0.033672,-0.264008,1.031632,2.100000,-0.980000,-0.700000
28.149431,-0.046360,-0.253272,0.932080,1.820000,1.400000,-0.560000
28.157518,-0.044408,-0.254248,1.036512,1.120000,0.980000,-0.560000
28.165605,-0.054656,-0.286944,0.913536,2.800000,0.280000,-1.120000
28.173693,0.014640,-0.216672,1.036512,1.540000,1.400000,-0.700000
28.181780,-0.056120,-0.302560,0.913048,1.680000,0.700000,-0.840000
28.189867,-0.048312,-0.255712,1.028216,4.060000,-0.140000,-0.140000
28.197954,-0.019032,-0.269376,0.953064,1.400000,0.560000,-1.260000
28.206041,-0.050264,-0.247416,0.968680,2.660000,1.960000,-0.140000
28.214129,-0.033184,-0.280112,0.940864,1.680000,-0.980000,-0.700000
28.222216,-0.063440,-0.246928,0.973560,2.940000,1.960000,-0.280000
28.230303,0.002440,-0.244976,1.009672,0.840000,-0.420000,-1.540000
28.238390,-0.075152,-0.277672,0.937448,2.660000,1.960000,-0.280000
28.246477,0.008296,-0.253272,1.016992,1.120000,-0.560000,-1.120000
28.254565,-0.088328,-0.274256,0.928664,1.960000,1.680000,-0.700000
28.262652,0.018056,-0.255712,1.042368,0.980000,-0.560000,-0.840000
28.270739,-0.050752,-0.278160,0.898896,2.240000,1.120000,-0.280000
28.278826,-0.018544,-0.251808,1.024800,1.960000,-0.280000,-0.980000
28.286913,-0.075152,-0.268888,0.904752,1.120000,1.960000,-1.260000
28.295000,0.037576,-0.249368,1.042368,2.380000,-0.560000,-0.280000
28.303088,-0.054656,-0.280600,0.924272,1.540000,0.840000,-0.980000
28.311175,-0.077104,-0.241072,1.019432,2.940000,1.680000,-0.700000
28.319262,0.008784,-0.287432,0.939888,2.240000,-0.980000,-0.560000
28.327349,-0.015616,-0.217160,1.024312,2.800000,1.680000,-0.560000
28.335436,-0.049288,-0.305000,0.935984,1.820000,-0.280000,-0.980000
28.343524,-0.055632,-0.229360,0.990640,3.780000,1.820000,-0.420000
28.351611,0.009272,-0.277672,0.965752,0.420000,-0.700000,-1.400000
28.359698,-0.073200,-0.263032,0.973072,3.780000,1.400000,-0.420000
28.367785,0.007320,-0.260104,0.998448,2.240000,-0.420000,-1.120000
28.375872,-0.073200,-0.260592,0.911096,3.080000,3.220000,-0.560000
28.383960,-0.011224,-0.244488,1.039440,2.520000,-0.700000,-0.840000
28.392047,-0.055144,-0.272304,0.921832,2.660000,1.260000,-0.560000
28.400134,0.003904,-0.242536,1.037488,3.220000,0.420000,-0.980000
28.408221,-0.090280,-0.287920,0.932080,2.240000,1.540000,-0.840000
28.416308,0.009760,-0.231800,1.015040,4.060000,0.280000,-0.280000
28.424396,-0.041480,-0.270840,0.921344,2.800000,0.420000,-0.700000
28.432483,-0.068808,-0.236192,1.025776,3.640000,1.680000,-0.980000
28.440570,-0.032208,-0.287920,0.923296,1.680000,0.560000,-1.260000
28.448657,-0.012200,-0.227896,1.002352,4.480000,0.420000,0.140000
28.456744,-0.030256,-0.283040,0.943304,1.680000,-0.420000,-1.120000
28.464831,-0.081008,-0.244488,0.996984,4.480000,2.660000,-0.700000
28.472919,0.014152,-0.248880,1.001376,2.800000,-1.120000,-0.840000
28.481006,-0.074664,-0.249368,0.952576,4.200000,2.100000,-0.840000
28.489093,-0.012688,-0.277184,0.982344,2.520000,-0.560000,-1.120000
28.497180,-0.050264,-0.268888,0.942816,4.060000,1.400000,-0.420000
28.505267,0.001464,-0.244488,0.994056,3.080000,0.000000,-0.840000
28.513355,-0.037088,-0.263032,0.950136,3.500000,0.840000,-0.280000
28.521442,-0.035624,-0.215208,1.030168,3.640000,1.120000,-0.840000
28.529529,-0.055632,-0.294752,0.953552,2.240000,0.420000,-0.980000
28.537616,0.003904,-0.193248,1.016992,4.340000,1.120000,-0.420000
28.545703,-0.039040,-0.295728,0.928176,1.400000,-0.560000,-0.840000
28.553791,-0.054656,-0.237168,1.023336,4.200000,1.680000,-0.420000
28.561878,-0.005368,-0.289872,0.915000,2.520000,-0.420000,-1.120000
28.569965,-0.050264,-0.230824,1.012600,5.180000,1.120000,-0.420000
28.578052,-0.043432,-0.244488,0.965752,2.800000,0.560000,-1.120000
28.586139,-0.051728,-0.248880,0.978928,2.940000,0.840000,0.000000
28.594227,0.018544,-0.198128,1.021872,3.360000,0.280000,-1.540000
28.602314,-0.076128,-0.293776,0.951112,1.120000,1.260000,-0.420000
28.610401,-0.013664,-0.229848,0.983808,2.660000,0.420000,-1.260000
28.618488,-0.079056,-0.292800,0.916464,2.800000,1.400000,-0.840000
28.626575,0.003904,-0.223504,1.064328,3.220000,0.560000,-0.840000
28.634663,-0.042456,-0.269864,0.890600,3.640000,-0.700000,-0.560000
28.642750,-0.036600,-0.236680,1.055056,4.620000,1.540000,-0.980000
28.650837,-0.051728,-0.279624,0.915976,2.520000,0.000000,-0.280000
28.658924,-0.020496,-0.203496,1.023824,4.620000,1.540000,-0.700000
28.667011,-0.052704,-0.274744,0.908656,3.080000,-0.980000,-0.560000
28.675098,-0.033672,-0.213256,1.053592,3.220000,2.380000,-1.120000
28.683186,-0.035136,-0.280112,0.905240,2.100000,-0.700000,-1.120000
28.691273,-0.018056,-0.214232,1.040416,3.640000,1.400000,-0.420000
28.699360,-0.060512,-0.292800,0.915000,2.240000,-0.280000,-0.980000
28.707447,-0.033184,-0.218624,1.008696,4.200000,2.100000,-0.840000
28.715534,-0.015128,-0.250344,0.972096,3.080000,-1.400000,-0.700000
28.723622,-0.059048,-0.213256,1.014064,2.240000,2.240000,-1.120000
28.731709,-0.031720,-0.295240,0.920856,2.520000,-1.400000,-0.560000
28.739796,-0.020008,-0.208376,1.037488,3.220000,2.240000,-0.980000
28.747883,-0.040504,-0.284992,0.930616,2.240000,-0.560000,-0.980000
28.755970,-0.043432,-0.213256,1.015528,4.060000,1.820000,-0.420000
28.764058,-0.041968,-0.265960,0.932080,2.380000,-1.120000,-1.540000
28.772145,-0.009760,-0.201544,1.043832,2.660000,1.820000,-0.280000
28.780232,-0.039040,-0.290360,0.943792,2.380000,-0.280000,-1.400000
28.788319,-0.059536,-0.223992,0.970144,3.360000,1.260000,-0.840000
28.796406,-0.003416,-0.267912,0.972096,3.360000,-0.420000,-1.400000
28.804494,-0.059536,-0.217160,0.999424,2.520000,1.960000,-0.420000
28.812581,-0.027816,-0.264008,0.962824,3.220000,-1.120000,-1.400000
28.820668,-0.027816,-0.219600,0.980392,3.780000,1.820000,-0.420000
28.828755,-0.034648,-0.268888,0.984296,1.960000,-0.980000,-1.680000
28.836842,-0.052704,-0.214232,0.968680,2.940000,2.380000,-0.980000
28.844930,0.024888,-0.258640,0.984296,2.800000,-1.680000,-0.560000
28.853017,-0.096624,-0.257664,0.966240,2.240000,2.800000,-1.680000
28.861104,0.007320,-0.245952,0.989664,3.220000,-1.540000,-0.280000
28.869191,-0.046848,-0.209840,0.986736,3.360000,1.960000,-0.700000
28.877278,-0.023912,-0.262056,0.959896,2.800000,-1.400000,-1.540000
28.885366,-0.047336,-0.220088,0.990152,3.640000,3.220000,-0.840000
28.893453,-0.024400,-0.246928,0.976488,3.080000,-1.540000,-1.540000
28.901540,-0.040992,-0.244488,0.988200,3.220000,1.960000,-0.980000
28.909627,-0.016592,-0.237168,0.985272,2.940000,-0.980000,-0.280000
28.917714,-0.073688,-0.240096,0.974048,3.080000,2.100000,-1.120000
28.925801,0.019520,-0.234240,0.996496,4.200000,-0.980000,-1.260000
28.933889,-0.062464,-0.237168,0.970144,3.080000,1.820000,-0.980000
28.941976,-0.045384,-0.236680,0.970632,3.780000,-0.840000,-2.240000
28.950063,0.006832,-0.241560,0.995520,3.220000,1.260000,0.560000
28.958150,-0.048800,-0.255712,0.991128,1.960000,0.000000,-1.400000
28.966237,-0.063928,-0.228384,0.915488,4.620000,1.120000,-0.560000
28.974325,0.027328,-0.218624,1.075552,3.500000,-0.420000,-1.120000
28.982412,-0.098088,-0.264496,0.918416,1.260000,1.960000,-0.420000
28.990499,0.017568,-0.194224,1.010160,4.480000,-0.280000,-1.400000
28.998586,-0.080032,-0.281576,0.946720,2.660000,0.700000,0.280000
29.006673,-0.005368,-0.223504,1.020408,3.360000,-0.560000,-1.960000
29.014761,-0.041968,-0.224968,0.904752,2.800000,2.380000,0.140000
29.022848,-0.022936,-0.229360,1.084824,2.660000,-1.120000,-0.840000
29.030935,-0.076616,-0.232288,0.872544,2.660000,2.240000,-1.400000
29.039022,0.032208,-0.233752,1.080432,4.620000,-0.700000,-0.840000
29.047109,-0.087840,-0.272792,0.912072,2.520000,0.840000,-1.260000
29.055197,0.006344,-0.186904,1.023336,4.900000,0.560000,-0.840000
29.063284,-0.070272,-0.270840,0.954528,3.220000,1.820000,-0.560000
29.071371,-0.041480,-0.192272,1.025288,3.360000,0.000000,-1.540000
29.079458,-0.007320,-0.235704,0.929640,3.360000,0.700000,0.000000
29.087545,-0.050264,-0.229360,1.041880,3.080000,0.420000,-1.960000
29.095633,-0.061488,-0.265960,0.929640,3.220000,0.840000,-0.700000
29.103720,0.012200,-0.192272,1.039440,3.640000,1.400000,-0.840000
29.111807,-0.087840,-0.284992,0.887672,3.220000,-0.560000,-1.260000
29.119894,-0.034648,-0.192272,1.047736,3.780000,2.100000,-1.400000
29.127981,-0.005368,-0.256688,0.930616,1.960000,-0.840000,-0.140000
29.136068,-0.053680,-0.212280,1.019432,4.200000,1.820000,-1.400000
29.144156,-0.040504,-0.248880,0.935984,3.220000,-0.700000,-0.140000
29.152243,-0.024888,-0.203008,1.037976,2.520000,1.820000,-0.840000
29.160330,-0.046848,-0.234728,0.929152,3.080000,-0.700000,-1.540000
29.168417,-0.000488,-0.234728,1.042368,3.360000,1.400000,-0.280000
29.176504,-0.067832,-0.251808,0.927200,2.380000,-0.560000,-1.400000
29.184592,-0.029768,-0.182512,1.007720,3.640000,2.240000,-0.980000
29.192679,-0.012688,-0.268888,0.979416,2.380000,-1.120000,-0.140000
29.200766,-0.069784,-0.208864,0.996008,2.800000,1.540000,-1.120000
29.208853,-0.004392,-0.238144,0.942816,4.200000,-0.420000,-0.560000
29.216940,-0.042944,-0.215208,1.040416,2.800000,1.680000,0.000000
29.225028,-0.045384,-0.240096,0.935984,2.660000,-1.120000,-1.260000
29.233115,-0.014640,-0.197152,1.010160,4.200000,1.680000,-0.140000
29.241202,-0.039040,-0.256688,0.990640,2.100000,-0.840000,-1.120000
29.249289,-0.067344,-0.200568,0.952088,3.360000,2.380000,-0.700000
29.257376,0.024400,-0.266936,1.012600,3.500000,-2.100000,0.000000
29.265464,-0.081984,-0.174704,0.945744,3.360000,2.380000,-1.680000
29.273551,-0.025376,-0.247416,0.993568,2.660000,-0.420000,-1.680000
29.281638,-0.036112,-0.228384,0.986736,2.660000,1.540000,-0.980000
29.289725,-0.001952,-0.232776,0.987712,2.380000,-0.980000,-0.980000
29.297812,-0.067832,-0.216672,0.957944,2.940000,2.240000,0.000000
29.305900,-0.021960,-0.247904,1.014552,2.520000,-0.980000,-1.120000
29.313987,-0.033184,-0.209352,0.965264,3.500000,1.120000,-0.420000
29.322074,-0.017080,-0.230336,0.990152,3.360000,-0.420000,-0.700000
29.330161,-0.080520,-0.226920,0.971120,2.940000,1.260000,-0.280000
29.338248,0.032208,-0.204960,1.016016,3.640000,-0.840000,-1.260000
29.346335,-0.070272,-0.220088,0.959896,1.960000,1.960000,0.420000
29.354423,-0.020496,-0.223504,0.986248,2.380000,-0.840000,-1.260000
29.362510,-0.062952,-0.216184,0.990152,2.660000,1.540000,-0.420000
29.370597,0.016104,-0.218136,1.015040,1.960000,-0.560000,-0.280000
29.378684,-0.067832,-0.207888,0.942328,2.380000,1.400000,-0.560000
29.386771,-0.008296,-0.231800,1.047736,1.820000,-0.700000,-0.700000
29.394859,-0.050752,-0.227896,0.917928,1.680000,1.260000,-0.840000
29.402946,-0.020008,-0.211304,1.044320,2.240000,0.000000,-1.260000
29.411033,-0.041480,-0.237168,0.923784,2.240000,0.980000,0.000000
29.419120,-0.031232,-0.193248,1.026264,1.820000,0.420000,-1.120000
29.427207,-0.034160,-0.257176,0.961360,1.820000,0.280000,-0.420000
29.435295,-0.025376,-0.207400,1.028704,1.820000,0.560000,-0.980000
29.443382,-0.044408,-0.223504,0.905728,2.940000,0.420000,-0.560000
29.451469,-0.014152,-0.192760,1.061400,2.100000,0.700000,-0.560000
29.459556,-0.050752,-0.250344,0.935008,0.560000,0.420000,-0.420000
29.467643,-0.022936,-0.193248,1.026264,2.520000,0.700000,-0.840000
29.475731,-0.036112,-0.260104,0.929152,1.680000,-0.420000,0.140000
29.483818,-0.035136,-0.168848,1.046760,1.960000,1.540000,-1.680000
29.491905,-0.043432,-0.259128,0.912072,1.820000,0.280000,0.000000
29.499992,-0.008296,-0.191296,1.062376,1.960000,0.840000,0.000000
29.508079,-0.070272,-0.237168,0.903288,1.540000,0.280000,-0.560000
29.516167,-0.014152,-0.193736,1.070184,2.800000,0.980000,-0.420000
29.524254,-0.020984,-0.224480,0.948184,1.820000,0.000000,-1.680000
29.532341,-0.046360,-0.161528,1.020408,2.520000,2.100000,-1.120000
29.540428,-0.057584,-0.283528,0.927200,-0.700000,-0.420000,-0.560000
29.548515,-0.023424,-0.199104,1.004304,1.960000,1.260000,-0.980000
29.556602,-0.010736,-0.236192,0.996008,0.840000,-0.700000,0.140000
29.564690,-0.054656,-0.207888,0.997960,0.560000,1.120000,-0.280000
29.572777,-0.038064,-0.232776,0.932080,1.680000,0.140000,-0.280000
29.580864,-0.039528,-0.199104,1.033584,0.420000,1.120000,0.420000
29.588951,-0.036112,-0.233752,0.942816,-0.140000,-0.560000,-1.260000
29.597038,-0.020984,-0.205936,1.015040,1.680000,1.260000,0.560000
29.605126,-0.047336,-0.252784,0.960872,-0.420000,0.000000,-1.260000
29.613213,-0.046360,-0.184464,0.994056,1.120000,1.680000,0.000000
29.621300,-0.011712,-0.263032,0.998936,0.280000,-1.120000,-0.140000
29.629387,-0.063440,-0.191784,0.950136,1.120000,1.260000,-1.120000
29.637474,-0.001952,-0.238144,0.989176,0.840000,0.280000,-0.840000
29.645562,-0.076616,-0.211304,0.990640,-0.280000,1.820000,0.000000
29.653649,0.001464,-0.222528,0.967704,1.680000,-1.260000,-1.680000
29.661736,-0.040016,-0.212768,1.022360,1.260000,1.680000,0.420000
29.669823,-0.055632,-0.248392,0.952088,0.140000,0.140000,-1.960000
29.677910,-0.033184,-0.181536,0.978928,1.820000,1.120000,0.420000
29.685998,0.000976,-0.265472,1.008696,1.260000,-0.700000,-0.980000
29.694085,-0.101992,-0.189832,0.947208,1.540000,1.680000,-1.120000
29.702172,0.049288,-0.228384,1.042368,2.800000,-0.840000,-0.840000
29.710259,-0.105408,-0.207888,0.952576,0.140000,2.800000,-0.840000
29.718346,0.000488,-0.217160,0.967704,1.960000,-1.540000,-1.260000
29.726433,-0.047336,-0.228872,1.003328,0.700000,2.100000,0.000000
29.734521,-0.039040,-0.244488,0.977464,0.560000,-0.700000,-1.400000
29.742608,-0.035624,-0.192272,0.952576,2.800000,1.400000,-0.420000
29.750695,0.001464,-0.237656,1.057984,1.120000,-0.980000,-0.280000
29.758782,-0.087840,-0.215208,0.884744,1.820000,1.680000,-1.120000
29.766869,0.033184,-0.194224,1.067744,1.820000,0.280000,-0.280000
29.774957,-0.088816,-0.272792,0.932080,0.420000,1.120000,-0.560000
29.783044,-0.016592,-0.165920,1.003816,3.360000,-0.420000,-1.960000
29.791131,-0.033184,-0.259128,0.973560,1.960000,0.980000,0.280000
29.799218,-0.034648,-0.190320,1.056032,1.260000,0.560000,-1.680000
29.807305,-0.044896,-0.228384,0.857416,2.800000,1.260000,-0.420000
29.815393,-0.014640,-0.194224,1.098976,2.380000,-0.700000,0.140000
29.823480,-0.070760,-0.219112,0.909632,0.980000,1.400000,-2.240000
29.831567,0.017080,-0.202032,1.052128,3.080000,0.560000,-0.280000
29.839654,-0.063928,-0.296216,0.938912,0.420000,-0.280000,-0.840000
29.847741,-0.053680,-0.133224,1.005280,2.940000,2.240000,-2.380000
29.855828,0.002928,-0.277184,0.972584,2.100000,-1.400000,1.680000
29.863916,-0.044408,-0.154696,1.043344,1.260000,1.680000,-2.800000
29.872003,-0.055632,-0.244976,0.875960,1.960000,0.560000,-0.420000
29.880090,-0.020496,-0.220088,1.110688,1.540000,0.980000,-0.840000
29.888177,-0.050752,-0.221552,0.865224,1.260000,-0.700000,-1.680000
29.896264,0.022936,-0.195200,1.083848,3.080000,1.820000,0.420000
29.904352,-0.114680,-0.261568,0.907192,0.140000,0.140000,-1.960000
29.912439,-0.001952,-0.153232,1.016992,3.220000,1.400000,-0.840000
29.920526,0.005368,-0.292312,0.997472,0.560000,-0.840000,0.280000
29.928613,-0.086864,-0.174704,0.974048,2.240000,0.840000,-2.100000
29.936700,-0.005368,-0.253272,0.952576,4.620000,1.400000,-0.840000
29.944788,-0.055632,-0.198128,1.051640,2.520000,0.140000,0.280000
29.952875,-0.011224,-0.211304,0.899384,3.220000,-0.420000,-2.380000
29.960962,-0.049288,-0.193248,1.045296,4.620000,2.800000,0.000000
29.969049,-0.038064,-0.228384,0.998448,1.540000,-1.680000,-2.800000
29.977136,-0.052704,-0.149328,0.950624,4.060000,2.800000,-2.520000
29.985224,0.018056,-0.300120,1.015528,2.660000,-0.980000,-0.980000
29.993311,-0.101504,-0.201544,0.942816,2.240000,2.100000,-2.520000
30.001398,0.051240,-0.201056,1.013088,4.620000,-0.560000,0.420000
30.009485,-0.086376,-0.228872,1.000888,1.400000,1.820000,-1.120000
30.017572,-0.035136,-0.199592,0.957456,3.360000,-0.700000,-1.820000
30.025659,0.004392,-0.220088,1.010160,3.360000,1.540000,0.700000
30.033747,-0.082472,-0.210816,0.991616,1.400000,-0.280000,-2.660000
30.041834,-0.002928,-0.193248,0.955504,4.200000,1.680000,-0.420000
30.049921,-0.029280,-0.205936,1.029192,2.660000,-0.140000,-1.400000
30.058008,-0.098088,-0.245464,0.917928,1.120000,1.120000,-1.540000
30.066095,0.049288,-0.194712,1.066768,4.480000,0.140000,0.140000
30.074183,-0.093208,-0.245464,0.902312,2.660000,0.700000,-0.840000
30.082270,-0.025376,-0.170312,1.043832,4.480000,0.980000,-1.540000
30.090357,-0.022936,-0.258152,0.934520,2.940000,0.140000,0.980000
30.098444,-0.032208,-0.137128,1.070672,3.220000,-0.840000,-2.240000
30.106531,-0.036112,-0.223992,0.891088,4.060000,2.380000,-1.260000
30.114619,-0.055632,-0.245952,1.079456,2.520000,0.980000,-0.980000
30.122706,-0.010248,-0.204472,0.882304,3.080000,-0.840000,-1.680000
30.130793,0.009272,-0.201544,1.088728,4.060000,2.100000,0.420000
30.138880,-0.111752,-0.246440,0.898408,2.800000,-1.120000,-1.400000
30.146967,0.001952,-0.159576,1.027240,5.880000,1.960000,-1.260000
30.155054,-0.027816,-0.252784,0.964288,3.080000,-0.840000,0.140000
30.163142,-0.050752,-0.146888,1.028216,4.760000,1.400000,-2.660000
30.171229,-0.017568,-0.231800,0.940376,4.060000,-0.280000,0.280000
30.179316,-0.059048,-0.211304,1.033096,3.640000,1.960000,-1.820000
30.187403,-0.008784,-0.206424,0.930616,4.060000,-0.980000,-1.540000
30.195490,-0.043432,-0.189344,1.056520,4.060000,2.100000,0.700000
30.203578,-0.018544,-0.201056,0.929640,4.760000,-0.980000,-3.780000
30.211665,-0.077104,-0.167872,1.023824,5.460000,2.520000,-1.820000
30.219752,0.008296,-0.254248,0.998936,2.940000,-0.700000,-2.520000
30.227839,-0.077592,-0.193248,0.925248,4.340000,1.540000,-1.820000
30.235926,0.057096,-0.224968,1.040416,5.320000,-1.120000,0.700000
30.244014,-0.127368,-0.210816,0.972096,3.220000,2.660000,-2.240000
30.252101,0.010736,-0.185928,0.971120,6.580000,-1.400000,-0.560000
30.260188,-0.032208,-0.210816,1.007232,4.340000,1.400000,0.420000
30.268275,-0.081984,-0.146400,1.003328,4.340000,0.140000,-3.360000
30.276362,0.004392,-0.251808,0.948672,5.880000,0.560000,0.840000
30.284450,-0.034648,-0.170312,1.066768,3.780000,0.560000,-2.520000
30.292537,-0.085400,-0.225944,0.844728,4.340000,1.400000,-0.700000
30.300624,0.029768,-0.165432,1.141920,5.740000,-0.420000,-0.560000
30.308711,-0.088816,-0.244000,0.888160,2.240000,0.140000,-2.100000
30.316798,0.042944,-0.138592,1.060424,6.860000,1.260000,0.000000
30.324885,-0.085888,-0.248392,0.935496,2.660000,0.280000,-0.700000
30.332973,-0.044408,-0.152256,1.031144,5.320000,0.420000,-2.240000
30.341060,0.020496,-0.225456,0.934032,5.180000,0.420000,-0.560000
30.349147,-0.076128,-0.159576,1.055544,3.360000,1.120000,-2.800000
30.357234,-0.023912,-0.241560,0.929640,3.780000,0.000000,-1.400000
30.365321,-0.029768,-0.151280,1.039928,5.180000,1.820000,-0.840000
30.373409,-0.063440,-0.249368,0.939400,3.920000,-1.260000,-2.520000
30.381496,-0.001952,-0.150304,1.020896,6.160000,2.380000,-0.280000
30.389583,-0.028304,-0.243024,0.975512,3.080000,-1.120000,-1.400000
30.397670,-0.062464,-0.137128,0.992104,5.460000,2.240000,-0.840000
30.405757,-0.005856,-0.208864,0.981368,4.620000,-0.140000,-0.560000
30.413845,-0.091256,-0.175680,1.005280,4.480000,0.420000,-3.360000
30.421932,0.043432,-0.196176,0.988688,4.760000,0.560000,-2.240000
30.430019,-0.070760,-0.231800,0.985272,4.340000,1.680000,-0.980000
30.438106,-0.018544,-0.184952,0.979416,5.180000,-1.540000,-1.400000
30.446193,-0.030256,-0.153232,1.015040,5.460000,3.360000,-0.420000
30.454280,-0.048312,-0.171288,0.993080,4.480000,-0.840000,-3.500000
30.462368,-0.040992,-0.240584,0.950624,4.200000,0.280000,-1.260000
30.470455,0.009760,-0.138104,1.059448,3.500000,0.980000,0.140000
30.478542,-0.095160,-0.232776,0.905240,3.780000,0.420000,-2.380000
30.486629,0.021960,-0.170800,1.090680,6.020000,0.140000,-0.420000
30.494716,-0.069296,-0.221064,0.894504,3.640000,1.260000,-1.260000
30.502804,-0.010248,-0.102480,1.060912,6.160000,0.700000,-1.960000
30.510891,-0.063928,-0.212768,0.931104,4.480000,0.560000,-1.540000
30.518978,-0.046848,-0.194712,1.051640,3.920000,0.140000,-3.500000
30.527065,0.033184,-0.210816,0.919880,5.320000,0.840000,-0.840000
30.535152,-0.069296,-0.184952,1.086288,3.780000,1.960000,0.420000
30.543240,-0.042944,-0.208864,0.894992,5.460000,-1.820000,-1.540000
30.551327,0.000488,-0.127856,1.047736,7.000000,2.660000,0.000000
30.559414,-0.080520,-0.218624,0.973560,3.220000,-0.280000,-2.660000
30.567501,-0.028792,-0.118096,0.967216,6.720000,1.120000,-1.120000
30.575588,0.035136,-0.240584,1.056520,3.920000,-1.680000,0.000000
30.583676,-0.125416,-0.193248,0.945744,4.480000,1.960000,-2.100000
30.591763,0.055144,-0.163968,1.005280,8.120000,-0.280000,0.140000
30.599850,-0.081984,-0.190808,1.012600,4.200000,1.820000,-0.420000
30.607937,-0.027816,-0.120536,0.958432,6.300000,-0.840000,-2.660000
30.616024,-0.041480,-0.188368,1.022360,6.020000,1.960000,0.000000
30.624111,-0.022448,-0.177144,1.040416,3.780000,-0.840000,-4.340000
30.632199,-0.030744,-0.195688,0.885720,5.180000,2.100000,-0.840000
30.640286,-0.003904,-0.174704,1.116056,4.200000,-0.280000,0.140000
30.648373,-0.082472,-0.173240,0.861320,5.320000,0.420000,-2.380000
30.656460,0.004880,-0.151280,1.101904,7.280000,0.980000,-0.840000
30.664547,-0.051728,-0.247904,0.946720,2.940000,-1.820000,-1.820000
30.672635,-0.014640,-0.068808,0.993568,6.860000,2.380000,-1.540000
30.680722,-0.040016,-0.217160,1.011136,5.880000,1.960000,-3.080000
30.688809,-0.068808,-0.178120,1.004792,3.780000,-0.420000,-2.240000
30.696896,0.036600,-0.147376,0.960384,6.020000,0.280000,0.000000
30.704983,-0.057584,-0.165920,1.038464,4.760000,1.820000,-2.520000
30.713071,-0.074176,-0.223016,0.936472,4.340000,-0.560000,-1.960000
30.721158,0.015128,-0.102480,1.054080,5.740000,1.540000,-0.140000
30.729245,-0.077104,-0.226432,0.942328,3.080000,-1.400000,-2.100000
30.737332,-0.004392,-0.142496,1.041880,6.300000,3.080000,-0.140000
30.745419,-0.018544,-0.174216,0.973072,4.060000,-0.700000,-1.820000
30.753506,-0.084424,-0.109800,0.997472,4.760000,1.540000,-1.680000
30.761594,0.010736,-0.185440,1.001376,3.780000,0.420000,-2.100000
30.769681,-0.090768,-0.185440,0.988688,3.640000,0.280000,-2.520000
30.777768,0.032208,-0.201056,1.013088,5.040000,0.700000,-0.840000
30.785855,-0.077104,-0.155672,0.953552,5.600000,1.680000,-0.420000
30.793942,-0.027328,-0.169824,1.018456,4.900000,-1.540000,-1.820000
30.802030,-0.011712,-0.126880,0.981368,4.200000,1.960000,0.000000
30.810117,-0.039040,-0.121512,1.049688,2.940000,0.140000,-2.940000
30.818204,-0.074176,-0.216184,0.919880,3.080000,1.540000,-2.100000
30.826291,0.006344,-0.174704,1.064816,3.780000,-0.700000,-0.840000
30.834378,-0.052216,-0.176656,0.920856,3.780000,0.560000,-1.540000
30.842466,-0.022448,-0.156648,1.059936,6.020000,1.680000,-0.280000
30.850553,-0.059048,-0.216672,0.931592,3.360000,-0.700000,-0.560000
30.858640,-0.002440,-0.078568,1.042856,5.740000,1.260000,-1.960000
30.866727,-0.033184,-0.223992,0.953064,4.340000,-0.280000,0.980000
30.874814,-0.068808,-0.136152,1.044320,4.480000,0.700000,-2.380000
30.882901,0.009760,-0.151280,0.943304,5.040000,0.000000,0.140000
30.890989,-0.038552,-0.106872,1.069696,4.060000,2.800000,-2.100000
30.899076,-0.080520,-0.193248,0.897432,3.220000,-1.400000,-3.220000
30.907163,0.017080,-0.178608,1.077016,5.180000,1.400000,0.560000
30.915250,-0.030256,-0.197152,0.976976,3.500000,-0.840000,-1.960000
30.923337,-0.080520,-0.119072,0.943792,6.580000,2.100000,0.560000
30.931425,0.028304,-0.182024,1.043344,5.180000,-1.260000,-1.400000
30.939512,-0.114680,-0.083936,0.982344,3.360000,2.100000,-1.400000
30.947599,0.055144,-0.165432,1.031632,4.760000,-0.980000,-0.560000
30.955686,-0.113216,-0.203008,0.962824,1.960000,1.540000,-1.260000
30.963773,0.006832,-0.111264,1.002352,5.600000,-0.560000,-1.400000
30.971861,-0.044408,-0.216184,0.982832,3.780000,1.820000,0.140000
30.979948,-0.036112,-0.118584,1.021384,3.780000,-0.420000,-1.820000
30.988035,-0.033672,-0.189344,0.930616,5.740000,1.540000,0.140000
30.996122,-0.037088,-0.110288,1.091656,3.780000,0.280000,-1.120000
31.004209,-0.045384,-0.166408,0.900360,3.780000,0.420000,-1.400000
31.012297,0.021960,-0.122976,1.111664,3.500000,0.280000,0.700000
31.020384,-0.082960,-0.166896,0.926712,1.400000,0.280000,-2.380000
31.028471,-0.038552,-0.080520,1.008696,5.040000,1.960000,-1.540000
31.036558,-0.027328,-0.247416,1.018456,0.980000,-1.400000,-1.680000
31.044645,-0.023424,-0.119560,0.979416,3.640000,1.120000,-1.260000
31.052732,-0.009272,-0.179584,0.994056,4.480000,-0.140000,-0.140000
31.060820,-0.069296,-0.127368,1.025288,3.360000,2.240000,-2.100000
31.068907,-0.021472,-0.144448,0.921344,3.920000,-0.980000,-1.820000
31.076994,-0.036600,-0.165920,1.080920,2.660000,1.120000,0.000000
31.085081,-0.016592,-0.163968,0.938912,2.380000,-0.840000,-1.960000
31.093168,-0.048800,-0.117120,1.026264,3.920000,2.240000,0.000000
31.101256,-0.014640,-0.148352,0.996496,1.960000,0.000000,-2.940000
31.109343,-0.072224,-0.145424,0.974048,2.240000,0.560000,-0.560000
31.117430,0.041480,-0.146888,1.052128,2.940000,-0.700000,-1.120000
31.125517,-0.103944,-0.191296,0.935496,1.540000,2.520000,-1.680000
31.133604,0.035136,-0.102968,1.076528,3.780000,-1.680000,0.140000
31.141692,-0.069296,-0.156160,0.923296,1.540000,1.960000,-1.820000
31.149779,-0.030744,-0.076616,1.083360,3.780000,-0.280000,-2.100000
31.157866,-0.030256,-0.210328,0.935984,1.400000,0.980000,-2.100000
31.165953,-0.024400,-0.094672,1.061400,1.120000,0.840000,-3.220000
31.174040,-0.030744,-0.216672,0.919880,1.540000,0.700000,-0.840000
31.182127,-0.032208,-0.128344,1.081408,1.400000,1.820000,-1.260000
31.190215,-0.063440,-0.173728,0.894016,1.820000,-1.260000,-0.980000
31.198302,0.020496,-0.122976,1.097512,3.360000,1.540000,-0.140000
31.206389,-0.071736,-0.183000,0.918904,0.420000,-1.260000,-1.680000
31.214476,-0.004880,-0.066856,1.056032,3.220000,3.500000,-0.420000
31.222563,-0.057584,-0.153720,0.964776,-0.280000,-0.560000,-1.960000
31.230651,-0.057584,-0.130784,1.000400,1.120000,0.840000,-2.100000
31.238738,0.020496,-0.203008,1.025776,1.260000,-0.420000,-0.840000
31.246825,-0.063928,-0.110288,0.972096,0.840000,2.660000,-2.100000
31.254912,-0.009272,-0.186416,0.992104,2.660000,-0.840000,-1.400000
31.262999,-0.044408,-0.132736,1.020408,0.420000,0.840000,0.420000
31.271087,-0.004392,-0.065880,1.000400,0.840000,0.000000,-3.640000
31.279174,-0.100528,-0.167384,0.971608,2.660000,3.080000,-2.520000
31.287261,0.005856,-0.215208,1.087264,-0.560000,-1.680000,-1.960000
31.295348,-0.046848,-0.114192,0.845704,1.120000,2.380000,-1.820000
31.303435,0.004880,-0.168848,1.151680,2.660000,0.140000,-0.560000
31.311523,-0.067344,-0.182512,0.887672,0.980000,0.000000,-0.980000
31.319610,-0.020496,-0.037088,1.070672,3.220000,2.940000,-1.540000
31.327697,-0.056120,-0.210328,0.948184,0.000000,-1.260000,-1.260000
31.335784,-0.034648,-0.096136,1.057496,1.960000,2.240000,-3.360000
31.343871,0.001952,-0.220576,0.935496,0.000000,-1.120000,0.000000
31.351958,-0.048800,-0.140056,1.038464,0.840000,2.100000,-1.400000
31.360046,-0.016104,-0.150792,0.951112,2.800000,-1.120000,-0.560000
31.368133,-0.052216,-0.114192,1.069696,0.700000,2.240000,-0.840000
31.376220,-0.027816,-0.122976,0.925736,0.700000,-1.400000,-2.940000
31.384307,-0.050264,-0.147864,1.042368,2.100000,3.220000,-1.820000
31.392394,-0.009760,-0.170312,0.981856,-0.140000,-0.560000,-3.220000
31.400482,-0.072712,-0.161040,0.975024,1.120000,2.240000,-1.260000
31.408569,0.017080,-0.157624,1.009672,1.680000,-1.400000,-0.420000
31.416656,-0.081008,-0.105408,0.990640,1.680000,1.820000,-2.800000
31.424743,-0.020496,-0.147376,1.007232,2.660000,0.560000,-2.240000
31.432830,-0.045872,-0.200568,0.993080,0.140000,0.840000,-1.540000
31.440918,-0.015616,-0.082960,0.976488,1.400000,0.840000,-1.960000
31.449005,-0.061000,-0.211792,0.976000,0.700000,1.260000,0.420000
31.457092,-0.013176,-0.068808,1.081896,1.120000,-1.260000,-1.680000
31.465179,-0.003904,-0.150304,0.952576,0.700000,1.120000,-1.820000
31.473266,-0.063440,-0.102968,1.081408,1.120000,2.520000,-4.200000
31.481353,-0.071736,-0.193248,0.874984,0.000000,0.280000,-3.920000
31.489441,0.019520,-0.135664,1.088728,-0.420000,0.840000,-0.700000
31.497528,-0.045872,-0.164944,0.938912,-1.680000,-0.420000,-2.240000
31.505615,-0.060024,-0.167384,1.009184,1.820000,2.240000,-0.280000
31.513702,0.000488,-0.180560,1.016016,-0.140000,-1.400000,-1.400000
31.521789,-0.061976,-0.091744,0.957456,1.260000,1.960000,-1.400000
31.529877,0.014640,-0.173728,1.027240,0.980000,-0.840000,0.140000
31.537964,-0.073200,-0.126880,1.005280,-1.120000,1.540000,-1.820000
31.546051,-0.014152,-0.126880,0.983808,0.280000,0.280000,-1.820000
31.554138,-0.035136,-0.198616,0.999424,-0.140000,0.420000,-0.140000
31.562225,-0.031232,-0.087840,1.009184,0.700000,0.000000,-2.800000
31.570313,-0.023912,-0.211792,0.963800,1.400000,2.240000,-1.400000
31.578400,-0.019520,-0.092720,1.079944,0.280000,-0.420000,-2.380000
31.586487,-0.053192,-0.163480,0.904752,0.700000,1.260000,-0.840000
31.594574,0.002928,-0.087352,1.117520,1.260000,0.560000,-1.400000
31.602661,-0.088816,-0.191296,0.872056,-0.840000,0.280000,-3.220000
31.610748,0.032696,-0.123952,1.111176,1.260000,0.420000,-0.700000
31.618836,-0.072712,-0.189832,0.911096,-1.400000,1.400000,-3.080000
31.626923,-0.026840,-0.135176,1.056032,1.820000,1.120000,-0.980000
31.635010,-0.007320,-0.189344,0.957456,0.280000,-0.560000,-0.420000
31.643097,-0.065880,-0.037088,0.997472,1.680000,2.240000,-3.920000
31.651184,-0.046848,-0.241072,0.978928,0.280000,-0.420000,-1.400000
31.659272,-0.010248,-0.141032,1.039440,0.140000,1.260000,-2.100000
31.667359,-0.011224,-0.116144,0.944768,1.120000,0.140000,-2.240000
31.675446,-0.071248,-0.144936,1.045784,2.100000,2.520000,-2.240000
31.683533,-0.009760,-0.143960,0.985760,0.000000,-1.540000,-4.340000
31.691620,-0.016104,-0.160064,1.030168,0.700000,2.800000,0.560000
31.699708,-0.026840,-0.157624,0.985760,0.140000,-0.560000,-2.940000
31.707795,-0.106384,-0.145912,0.935496,3.360000,1.960000,-1.120000
31.715882,0.047336,-0.157136,1.094584,1.820000,-1.120000,-1.260000
31.723969,-0.088816,-0.146888,0.917928,1.400000,1.400000,-3.080000
31.732056,0.005368,-0.153232,1.061888,3.920000,0.140000,0.560000
31.740143,-0.060024,-0.168360,0.936472,0.840000,1.960000,-3.080000
31.748231,-0.050264,-0.095648,1.039928,3.220000,-0.280000,-1.680000
31.756318,0.005368,-0.209352,0.950624,1.680000,0.420000,-0.280000
31.764405,-0.070760,-0.078080,1.042368,1.260000,0.700000,-3.360000
31.772492,-0.016592,-0.181536,0.939400,2.660000,0.980000,0.140000
31.780579,-0.032696,-0.139568,1.078968,1.260000,0.980000,-1.960000
31.788667,-0.055144,-0.132248,0.898408,3.080000,-0.700000,-2.380000
31.796754,-0.027816,-0.156160,1.088240,3.080000,3.080000,-1.120000
31.804841,-0.024400,-0.159088,0.939888,1.120000,-2.380000,-2.800000
31.812928,-0.032208,-0.094672,1.029192,3.780000,3.220000,-0.280000
31.821015,-0.054656,-0.146400,1.006744,1.120000,-0.560000,-3.500000
31.829103,-0.043920,-0.163480,0.970632,2.380000,0.280000,-2.520000
31.837190,0.022936,-0.156160,1.039928,2.240000,0.700000,-1.540000
31.845277,-0.087352,-0.161040,0.937448,1.680000,1.260000,-3.220000
31.853364,0.018056,-0.143472,1.057984,4.620000,-0.420000,-0.840000
31.861451,-0.056120,-0.191296,0.946232,-0.140000,1.540000,-0.700000
31.869538,-0.023424,-0.044408,1.017968,4.340000,-0.280000,-2.940000
31.877626,-0.061976,-0.236680,0.966240,2.520000,2.100000,-0.420000
31.885713,-0.017568,-0.128832,1.066768,1.120000,-1.400000,-1.960000
31.893800,-0.001464,-0.131760,0.885720,3.920000,1.260000,-1.120000
31.901887,-0.037088,-0.134688,1.150216,2.380000,0.560000,-0.560000
31.909974,-0.019032,-0.121024,0.867664,2.940000,-0.700000,-3.640000
31.918062,-0.065392,-0.138592,1.094584,2.380000,3.220000,-0.980000
31.926149,-0.014152,-0.163480,0.954040,0.140000,-2.100000,-2.240000
31.934236,-0.043432,-0.070272,0.995520,3.500000,3.220000,-2.240000
31.942323,-0.022936,-0.253272,1.034072,0.840000,-1.960000,-1.680000
31.950410,-0.028304,-0.082960,0.975512,2.520000,0.280000,-1.120000
31.958498,-0.001464,-0.179096,1.002840,3.500000,1.680000,-0.980000
31.966585,-0.082472,-0.173728,1.003816,1.400000,-0.560000,-0.420000
31.974672,0.010736,-0.065392,0.970632,3.500000,1.400000,-2.100000
31.982759,-0.067344,-0.167384,1.023336,1.400000,1.540000,0.840000
31.990846,-0.015128,-0.114680,1.020408,1.820000,-1.680000,-3.080000
31.998933,-0.038552,-0.156160,0.940864,2.800000,2.520000,-0.840000
32.007021,-0.013176,-0.117120,1.115568,1.540000,0.560000,-2.520000
32.015108,-0.086864,-0.163480,0.829112,3.080000,1.540000,-2.940000
32.023195,0.015616,-0.124440,1.150704,3.080000,0.840000,-0.980000
32.031282,-0.039040,-0.184952,0.920368,-0.140000,-1.260000,-1.680000
32.039369,0.004880,-0.084424,1.076040,4.480000,1.820000,-0.140000
32.047457,-0.083936,-0.200080,0.955504,0.980000,-0.140000,-1.540000
32.055544,-0.063440,-0.063928,0.986248,3.220000,2.100000,-2.240000
32.063631,0.027816,-0.196664,0.998936,1.680000,-0.700000,0.000000
32.071718,-0.093208,-0.135664,1.010160,0.560000,1.120000,-1.540000
32.079805,0.011224,-0.137128,0.970144,3.080000,-0.140000,-0.420000
32.087893,-0.050752,-0.142008,1.028704,1.400000,1.260000,0.000000
32.095980,-0.016592,-0.100040,0.978440,1.120000,-1.120000,-2.940000
32.104067,-0.075640,-0.173240,0.990152,1.960000,3.640000,0.560000
